molecule_chembl_id,canonical_smiles,standard_value,class
CHEMBL109822,CCCCn1c(Cc2ccc3c(c2)OCO3)nc2c(N)nc(F)nc21,17100.0,inactive
CHEMBL324951,COc1ccc(OC)c(Cc2nc3nc(F)nc(N)c3[nH]2)c1,53500.0,inactive
CHEMBL112953,C#CCCCn1c(Cc2cc(OC)c(OC)c(OC)c2Cl)nc2c(N)nc(F)nc21,30000.0,inactive
CHEMBL326082,C#CCCCn1c(Cc2cc(OC)ccc2OC)nc2c(N)nc(F)nc21,4100.0,intermediate
CHEMBL414883,C[C@@H]1C[C@H]2O[C@@H]2/C=C\C=C\C(=O)Cc2c(Cl)c(O)cc(O)c2C(=O)O1,200.0,active
CHEMBL112896,CCCCn1c(Cc2cc(OC)c(OC)c(OC)c2Cl)nc2c(N)ncnc21,200000.0,inactive
CHEMBL326651,CCCCn1c(Cc2cc(OC)ccc2OC)nc2c(N)nc(F)nc21,14300.0,inactive
CHEMBL109612,CCCCn1c(Cc2cccc(OC)c2)nc2c(N)ncnc21,75000.0,inactive
CHEMBL113690,CCCCn1c(Cc2cc(OC)c(OC)c(OC)c2)nc2c(N)ncnc21,200000.0,inactive
CHEMBL112834,CCCCn1c(Cc2ccc(OC)cc2)nc2c(N)ncnc21,200000.0,inactive
CHEMBL326523,C#CCCCn1c(Cc2cc(OC)c(OC)c(OC)c2Cl)nc2c(N)ncnc21,200000.0,inactive
CHEMBL326564,CCCCn1c(Cc2ccc3c(c2)OCO3)nc2c(N)ncnc21,15300.0,inactive
CHEMBL109480,C=CCNC1=C2C[C@@H](C)C[C@H](OC)[C@H](O)[C@@H](C)/C=C(\C)[C@H](OC(N)=O)[C@@H](OC)/C=C\C=C(/C)C(=O)NC(=CC1=O)C2=O,13400.0,inactive
CHEMBL113194,CCCCn1c(Cc2cc(OC)ccc2OC)nc2c(N)ncnc21,41000.0,inactive
CHEMBL129334,COc1ccccc1C(=O)NC1=C2C[C@@H](C)C[C@H](OC)[C@H](O)[C@@H](C)/C=C(\C)[C@H](OC(N)=O)[C@@H](OC)/C=C\C=C(/C)C(=O)NC(=CC1=O)C2=O,180.0,active
CHEMBL434826,COc1ccc(N2CCN(Cc3ccc(C(=O)NC4=C5C[C@@H](C)C[C@H](OC)[C@H](O)[C@@H](C)/C=C(\C)[C@H](OC(N)=O)[C@@H](OC)/C=C\C=C(/C)C(=O)NC(=CC4=O)C5=O)cc3)CC2)cc1,220.0,active
CHEMBL126784,CO[C@H]1/C=C\C=C(/C)C(=O)NC2=CC(=O)C(c3ccccc3)=C(C[C@@H](C)C[C@H](OC)[C@H](O)[C@@H](C)/C=C(\C)[C@@H]1OC(N)=O)C2=O,280.0,active
CHEMBL338516,CO[C@H]1/C=C\C=C(/C)C(=O)NC2=CC(=O)C(NC(=O)c3ccc(F)cc3)=C(C[C@@H](C)C[C@H](OC)[C@H](O)[C@@H](C)/C=C(\C)[C@@H]1OC(N)=O)C2=O,250.0,active
CHEMBL127176,CO[C@H]1/C=C\C=C(/C)C(=O)NC2=CC(=O)C(NC(=O)OCCCCN3CCOCC3)=C(C[C@@H](C)C[C@H](OC)[C@H](O)[C@@H](C)/C=C(\C)[C@@H]1OC(N)=O)C2=O,500.0,active
CHEMBL340876,CCOC(=O)NC1=C2C[C@@H](C)C[C@H](OC)[C@H](O)[C@@H](C)/C=C(\C)[C@H](OC(N)=O)[C@@H](OC)/C=C\C=C(/C)C(=O)NC(=CC1=O)C2=O,260.0,active
CHEMBL340163,CO[C@H]1/C=C\C=C(/C)C(=O)NC2=CC(=O)C(NC(=O)c3ccco3)=C(C[C@@H](C)C[C@H](OC)[C@H](O)[C@@H](C)/C=C(\C)[C@@H]1OC(N)=O)C2=O,500.0,active
CHEMBL436584,CO[C@H]1/C=C\C=C(/C)C(=O)NC2=CC(=O)C(NC(=O)c3cccs3)=C(C[C@@H](C)C[C@H](OC)[C@H](O)[C@@H](C)/C=C(\C)[C@@H]1OC(N)=O)C2=O,400.0,active
CHEMBL332352,CO[C@H]1/C=C\C=C(/C)C(=O)NC2=CC(=O)C(NC(=O)c3ccc(CN(C)C)cc3)=C(C[C@@H](C)C[C@H](OC)[C@H](O)[C@@H](C)/C=C(\C)[C@@H]1OC(N)=O)C2=O,1700.0,intermediate
CHEMBL124850,CO[C@H]1/C=C\C=C(/C)C(=O)NC2=CC(=O)C(NC(=O)c3ccc([N+](=O)[O-])cc3)=C(C[C@@H](C)C[C@H](OC)[C@H](O)[C@@H](C)/C=C(\C)[C@@H]1OC(N)=O)C2=O,300.0,active
CHEMBL127177,CO[C@H]1/C=C\C=C(/C)C(=O)NC2=CC(=O)C(NC(=O)c3ccc(CCl)cc3)=C(C[C@@H](C)C[C@H](OC)[C@H](O)[C@@H](C)/C=C(\C)[C@@H]1OC(N)=O)C2=O,550.0,active
CHEMBL341346,CCN(Cc1ccccc1)Cc1ccc(C(=O)NC2=C3C[C@@H](C)C[C@H](OC)[C@H](O)[C@@H](C)/C=C(\C)[C@H](OC(N)=O)[C@@H](OC)/C=C\C=C(/C)C(=O)NC(=CC2=O)C3=O)cc1,140.0,active
CHEMBL124522,COc1ccc(C(=O)NC2=C3C[C@@H](C)C[C@H](OC)[C@H](O)[C@@H](C)/C=C(\C)[C@H](OC(N)=O)[C@@H](OC)/C=C\C=C(/C)C(=O)NC(=CC2=O)C3=O)cc1,400.0,active
CHEMBL127821,CO[C@H]1/C=C\C=C(/C)C(=O)NC2=CC(=O)C(NC(=O)c3ccc(CN4CCN(c5ccc([N+](=O)[O-])cc5)CC4)cc3)=C(C[C@@H](C)C[C@H](OC)[C@H](O)[C@@H](C)/C=C(\C)[C@@H]1OC(N)=O)C2=O,200.0,active
CHEMBL339123,CO[C@H]1/C=C\C=C(/C)C(=O)NC2=CC(=O)C(NC(=O)c3ccc(CN4CCN(c5ccc(Cl)cc5)CC4)cc3)=C(C[C@@H](C)C[C@H](OC)[C@H](O)[C@@H](C)/C=C(\C)[C@@H]1OC(N)=O)C2=O,250.0,active
CHEMBL338255,C=CCNC(=O)NC1=C2C[C@@H](C)C[C@H](OC)[C@H](O)[C@@H](C)/C=C(\C)[C@H](OC(N)=O)[C@@H](OC)/C=C\C=C(/C)C(=O)NC(=CC1=O)C2=O,10000.0,inactive
CHEMBL340667,CO[C@H]1/C=C\C=C(/C)C(=O)NC2=CC(=O)C(NC(=O)c3cccc(CCl)c3)=C(C[C@@H](C)C[C@H](OC)[C@H](O)[C@@H](C)/C=C(\C)[C@@H]1OC(N)=O)C2=O,1000.0,active
CHEMBL436002,CO[C@H]1/C=C\C=C(/C)C(=O)NC2=CC(=O)C(NC(=O)c3ccc(CN4CCN(C)CC4)cc3)=C(C[C@@H](C)C[C@H](OC)[C@H](O)[C@@H](C)/C=C(\C)[C@@H]1OC(N)=O)C2=O,800.0,active
CHEMBL339562,COc1cccc(C(=O)NC2=C3C[C@@H](C)C[C@H](OC)[C@H](O)[C@@H](C)/C=C(\C)[C@H](OC(N)=O)[C@@H](OC)/C=C\C=C(/C)C(=O)NC(=CC2=O)C3=O)c1,180.0,active
CHEMBL338338,CO[C@H]1/C=C\C=C(/C)C(=O)NC2=CC(=O)C(NC(=O)c3ccc(CN4CCCCC4)cc3)=C(C[C@@H](C)C[C@H](OC)[C@H](O)[C@@H](C)/C=C(\C)[C@@H]1OC(N)=O)C2=O,10000.0,inactive
CHEMBL435016,CCCN(CCC)Cc1ccc(C(=O)NC2=C3C[C@@H](C)C[C@H](OC)[C@H](O)[C@@H](C)/C=C(\C)[C@H](OC(N)=O)[C@@H](OC)/C=C\C=C(/C)C(=O)NC(=CC2=O)C3=O)cc1,500.0,active
CHEMBL434051,CO[C@H]1/C=C\C=C(/C)C(=O)NC2=CC(=O)C(c3cccs3)=C(C[C@@H](C)C[C@H](OC)[C@H](O)[C@@H](C)/C=C(\C)[C@@H]1OC(N)=O)C2=O,250.0,active
CHEMBL127088,CO[C@H]1/C=C\C=C(/C)C(=O)NC2=CC(=O)C(NC(=O)c3ccc(CN4CCN(C5CCCCC5)CC4)cc3)=C(C[C@@H](C)C[C@H](OC)[C@H](O)[C@@H](C)/C=C(\C)[C@@H]1OC(N)=O)C2=O,600.0,active
CHEMBL127839,CO[C@H]1/C=C\C=C(/C)C(=O)NC2=CC(=O)C(NC(=O)c3ccc(CN4CCc5ccccc5C4)cc3)=C(C[C@@H](C)C[C@H](OC)[C@H](O)[C@@H](C)/C=C(\C)[C@@H]1OC(N)=O)C2=O,200.0,active
CHEMBL338481,CO[C@H]1/C=C\C=C(/C)C(=O)NC2=CC(=O)C(NC(=O)OCC(C)C)=C(C[C@@H](C)C[C@H](OC)[C@H](O)[C@@H](C)/C=C(\C)[C@@H]1OC(N)=O)C2=O,120.0,active
CHEMBL127158,CO[C@H]1/C=C\C=C(/C)C(=O)NC2=CC(=O)C(NC(=O)c3ccccc3)=C(C[C@@H](C)C[C@H](OC)[C@H](O)[C@@H](C)/C=C(\C)[C@@H]1OC(N)=O)C2=O,200.0,active
CHEMBL126862,CO[C@H]1/C=C\C=C(/C)C(=O)NC2=CC(=O)C(NC(=O)C(C)=O)=C(C[C@@H](C)C[C@H](OC)[C@H](O)[C@@H](C)/C=C(\C)[C@@H]1OC(N)=O)C2=O,1700.0,intermediate
CHEMBL127864,CO[C@H]1/C=C\C=C(/C)C(=O)NC2=CC(=O)C(NC(=O)OCc3ccc(OC(C)=O)cc3)=C(C[C@@H](C)C[C@H](OC)[C@H](O)[C@@H](C)/C=C(\C)[C@@H]1OC(N)=O)C2=O,50.0,active
CHEMBL278315,COC1=C2C[C@@H](C)C[C@H](OC)[C@H](O)[C@@H](C)/C=C(\C)[C@H](OC(N)=O)[C@@H](OC)/C=C\C=C(/C)C(=O)NC(=CC1=O)C2=O,200.0,active
CHEMBL1628128,CO[C@@H]1/C=C\C=C(/C)C(=O)NC2=CC(=O)C(NCCC[C@@H]3C[C@H]4[C@@H]5CCc6cc(O)ccc6[C@H]5CC[C@]4(C)[C@H]3O)=C(C[C@H](C)C[C@@H](OC)[C@@H](O)[C@H](C)/C=C(\C)[C@H]1OC(N)=O)C2=O,2000000.0,inactive
CHEMBL1628157,CO[C@@H]1/C=C\C=C(/C)C(=O)NC2=CC(=O)C(NC/C=C/C[C@@H]3C[C@H]4[C@@H]5CCc6cc(O)ccc6[C@H]5CC[C@]4(C)[C@H]3O)=C(C[C@H](C)C[C@@H](OC)[C@@H](O)[C@H](C)/C=C(\C)[C@H]1OC(N)=O)C2=O,1500.0,intermediate
CHEMBL1627820,CO[C@@H]1/C=C\C=C(/C)C(=O)NC2=CC(=O)C(NCC#CC[C@@H]3C[C@H]4[C@@H]5CCc6cc(O)ccc6[C@H]5CC[C@]4(C)[C@H]3O)=C(C[C@H](C)C[C@@H](OC)[C@@H](O)[C@H](C)/C=C(\C)[C@H]1OC(N)=O)C2=O,1500.0,intermediate
CHEMBL1628044,CO[C@@H]1/C=C\C=C(/C)C(=O)NC2=CC(=O)C(NCCCC[C@@H]3C[C@H]4[C@@H]5CCc6cc(O)ccc6[C@H]5CC[C@]4(C)[C@H]3O)=C(C[C@H](C)C[C@@H](OC)[C@@H](O)[C@H](C)/C=C(\C)[C@H]1OC(N)=O)C2=O,2000000.0,inactive
CHEMBL191241,C#CCCCn1c(Sc2cccc(OC)c2)nc2c(N)ncnc21,28300.0,inactive
CHEMBL370286,C#CCCCn1c(Sc2ccc(OC)cc2)nc2c(N)ncnc21,75000.0,inactive
CHEMBL426086,C#CCCCn1c(Sc2ccc(Cl)cc2)nc2c(N)ncnc21,44700.0,inactive
CHEMBL363860,C#CCCCn1c(Sc2ccc(C(C)=O)cc2)nc2c(N)ncnc21,150000.0,inactive
CHEMBL364730,C#CCCCn1c(Sc2ccc(-n3cccc3)cc2)nc2c(N)ncnc21,311000.0,inactive
CHEMBL371570,C#CCCCn1c(Sc2ccc(OC)cc2OC)nc2c(N)ncnc21,150000.0,inactive
CHEMBL424824,C#CCCCn1c(Sc2ccc(C)cc2C)nc2c(N)ncnc21,39200.0,inactive
CHEMBL365118,C#CCCCn1c(Sc2ccc(Cl)cc2Cl)nc2c(N)ncnc21,355000.0,inactive
CHEMBL364239,C#CCCCn1c(Sc2cc(C)ccc2C)nc2c(N)ncnc21,147000.0,inactive
CHEMBL364450,C#CCCCn1c(Sc2cc(Cl)ccc2Cl)nc2c(N)ncnc21,26500.0,inactive
CHEMBL273986,C#CCCCn1c(Sc2cc(OC)ccc2OC)nc2c(N)ncnc21,3200.0,intermediate
CHEMBL192062,C#CCCCn1c(Sc2cc(OC)ccc2Cl)nc2c(N)ncnc21,3500.0,intermediate
CHEMBL192145,C#CCCCn1c(Sc2cc(OC)ccc2Br)nc2c(N)ncnc21,1450.0,intermediate
CHEMBL191635,C#CCCCn1c(Sc2cc(OC)ccc2I)nc2c(N)ncnc21,810.0,active
CHEMBL364456,C#CCCCn1c(Sc2cc(C(F)(F)F)ccc2Cl)nc2c(N)ncnc21,35900.0,inactive
CHEMBL192013,C#CCCCn1c(Sc2cc(Cl)cc(Cl)c2)nc2c(N)ncnc21,60500.0,inactive
CHEMBL195096,C#CCCCn1c(Sc2cc(C)cc(C)c2)nc2c(N)ncnc21,100000.0,inactive
CHEMBL192480,C#CCCCn1c(Sc2cc(Cl)c(Cl)cc2Cl)nc2c(N)ncnc21,58000.0,inactive
CHEMBL365159,C#CCCCn1c(Sc2cc3c(cc2Br)OCO3)nc2c(N)ncnc21,300.0,active
CHEMBL190518,C#CCCCn1c(Sc2cc(OC)c(OC)c(OC)c2)nc2c(N)ncnc21,22300.0,inactive
CHEMBL192647,C#CCCCn1c(Sc2cc(OC)c(OC)c(OC)c2Cl)nc2c(N)ncnc21,9100.0,intermediate
CHEMBL193056,C#CCCCn1c(Sc2cc(OC)c(OC)c(OC)c2I)nc2c(N)ncnc21,100000.0,inactive
CHEMBL195869,CCCCn1c(Sc2cccc(OC)c2)nc2c(N)ncnc21,53700.0,inactive
CHEMBL191601,COc1cccc(Sc2nc3c(N)ncnc3n2CCOC(C)C)c1,47600.0,inactive
CHEMBL191641,CCCCn1c(Sc2cc(OC)c(OC)c(OC)c2)nc2c(N)ncnc21,88500.0,inactive
CHEMBL191668,COc1cc(Sc2nc3c(N)ncnc3n2CCOC(C)C)cc(OC)c1OC,65300.0,inactive
CHEMBL193259,C#CCCCn1c(Sc2cc(OC)c(OC)c(OC)c2)nc2c(N)nc(F)nc21,20900.0,inactive
CHEMBL439852,COc1cc(Sc2nc3c(N)nc(F)nc3n2CCOC(C)C)cc(OC)c1OC,23500.0,inactive
CHEMBL191268,CCCCn1c(Sc2cc(OC)c(OC)c(OC)c2Cl)nc2c(N)ncnc21,22800.0,inactive
CHEMBL191835,C#CCCCn1c(Sc2cc(OC)c(OC)c(OC)c2)nc2c(N)nc(N)nc21,150000.0,inactive
CHEMBL193282,C#CCCCn1c(Sc2cc(OC)c(OC)c(OC)c2Cl)nc2c(N)nc(F)nc21,1300.0,intermediate
CHEMBL191786,COc1cc(Sc2nc3c(N)nc(F)nc3n2CCOC(C)C)c(Cl)c(OC)c1OC,2200.0,intermediate
CHEMBL191920,CCCCn1c(Sc2cc(OC)c(OC)c(OC)c2Cl)nc2c(N)nc(F)nc21,26300.0,inactive
CHEMBL363196,COc1cc(Sc2nc3c(N)ncnc3n2CCOC(C)C)c(Cl)cc1Cl,58300.0,inactive
CHEMBL370247,COc1c(Cl)c(Sc2nc3c(N)ncnc3n2CCOC(C)C)c(Cl)c(OC)c1OC,13800.0,inactive
CHEMBL415775,Nc1[nH]cnc2nc(Sc3cc(C(F)(F)F)ccc3Cl)nc1-2,314000.0,inactive
CHEMBL194716,Nc1[nH]cnc2nc(Sc3cc(Cl)c(Cl)cc3Cl)nc1-2,47800.0,inactive
CHEMBL364272,Nc1ncnc2[nH]c(Sc3cc(Cl)ccc3Cl)nc12,122000.0,inactive
CHEMBL192937,CCCCn1c(S(=O)(=O)c2cc(OC)c(OC)c(OC)c2Cl)nc2c(N)ncnc21,12400.0,inactive
CHEMBL189537,C#CCCCn1c([S+]([O-])c2cccc(OC)c2)nc2c(N)ncnc21,31800.0,inactive
CHEMBL193672,COc1cccc([S+]([O-])c2nc3c(N)ncnc3n2CCOC(C)C)c1,70300.0,inactive
CHEMBL192649,CCCCn1c([S+]([O-])c2cccc(OC)c2)nc2c(N)ncnc21,57200.0,inactive
CHEMBL192761,CCCCn1c([S+]([O-])c2cc(OC)c(OC)c(OC)c2)nc2c(N)ncnc21,110300.0,inactive
CHEMBL370092,COc1cc([S+]([O-])c2nc3c(N)ncnc3n2CCOC(C)C)cc(OC)c1OC,43900.0,inactive
CHEMBL427169,C#CCCCn1c(S(=O)(=O)c2cccc(OC)c2)nc2c(N)ncnc21,157000.0,inactive
CHEMBL362972,COc1cccc(S(=O)(=O)c2nc3c(N)ncnc3n2CCOC(C)C)c1,170000.0,inactive
CHEMBL372013,CCCCn1c(S(=O)(=O)c2cccc(OC)c2)nc2c(N)ncnc21,125000.0,inactive
CHEMBL190654,CCCCn1c(S(=O)(=O)c2cc(OC)c(OC)c(OC)c2)nc2c(N)ncnc21,315000.0,inactive
CHEMBL193310,C#CCCCn1c(S(=O)(=O)c2cc(OC)c(OC)c(OC)c2)nc2c(N)ncnc21,105000.0,inactive
CHEMBL193313,COc1cc(S(=O)(=O)c2nc3c(N)ncnc3n2CCOC(C)C)cc(OC)c1OC,500000.0,inactive
CHEMBL161992,C#CCCCn1c(Cc2cc(OC)c(OC)c(OC)c2)nc2c(N)ncnc21,14700.0,inactive
CHEMBL352683,COc1cc(Cc2nc3c(N)ncnc3n2CCOC(C)C)cc(OC)c1OC,28700.0,inactive
CHEMBL349231,C#CCCCn1c(Cc2cc(OC)c(OC)c(OC)c2)nc2c(N)nc(F)nc21,10500.0,inactive
CHEMBL193892,C#CCCCn1c(Sc2ccccc2OC)nc2c(N)ncnc21,400000.0,inactive
CHEMBL371372,C#CCCCn1c(Sc2ccccc2OC(F)(F)F)nc2c(N)ncnc21,97000.0,inactive
CHEMBL190438,C#CCCCn1c(Sc2ccccc2CO)nc2c(N)ncnc21,400000.0,inactive
CHEMBL190439,C#CCCCn1c(Sc2ccccc2Cl)nc2c(N)ncnc21,195000.0,inactive
CHEMBL444355,O=S(=O)(Nc1ccc(O)c(-c2c(O)ccc3ccccc23)c1)c1ccccc1,3300.0,intermediate
CHEMBL200628,O=S(=O)(Nc1ccc(O)c(-c2c(O)ccc3ccccc23)c1)c1cccs1,600.0,active
CHEMBL200600,Cc1cc(C)c(S(=O)(=O)Nc2ccc(O)c(-c3c(O)ccc4ccccc34)c2)cc1C,15200.0,inactive
CHEMBL371915,O=S(=O)(Nc1ccc(O)c(-c2c(O)ccc3ccccc23)c1)c1cc(Cl)ccc1Cl,700.0,active
CHEMBL372769,CC(C)(C)c1ccc(S(=O)(=O)Nc2ccc(O)c(-c3c(O)ccc4ccccc34)c2)cc1,26400.0,inactive
CHEMBL200200,O=S(=O)(Nc1ccc(O)c(-c2c(O)ccc3ccccc23)c1)c1ccc(Br)cc1,6100.0,intermediate
CHEMBL199218,CCc1ccc(S(=O)(=O)Nc2ccc(O)c(-c3c(O)ccc4ccccc34)c2)cc1,6600.0,intermediate
CHEMBL200702,O=S(=O)(Nc1ccc(O)c(-c2c(O)ccc3ccccc23)c1)c1ccc(Cl)cc1,2200.0,intermediate
CHEMBL200939,O=S(=O)(Nc1ccc(O)c(-c2c(O)ccc3ccccc23)c1)c1ccc(F)cc1,8800.0,intermediate
CHEMBL200437,O=C(Nc1ccc(O)cc1)c1c[nH]nc1-c1cc(Cl)c(O)cc1O,14700.0,inactive
CHEMBL371249,O=C(Nc1ccccn1)c1cn[nH]c1-c1cc(Cl)c(O)cc1O,50000.0,inactive
CHEMBL200688,O=C(NCc1ccco1)c1cn[nH]c1-c1cc(Cl)c(O)cc1O,35600.0,inactive
CHEMBL200255,NS(=O)(=O)c1ccc(CNC(=O)c2cn[nH]c2-c2cc(Cl)c(O)cc2O)cc1,461.0,active
CHEMBL382083,O=C(NCc1cccc(C(F)(F)F)c1)c1cn[nH]c1-c1cc(Cl)c(O)cc1O,5400.0,intermediate
CHEMBL200570,O=C(NCc1ccc(F)cc1)c1cn[nH]c1-c1cc(Cl)c(O)cc1O,5350.0,intermediate
CHEMBL200360,COc1cccc(CNC(=O)c2c[nH]nc2-c2cc(Cl)c(O)cc2O)c1,10700.0,inactive
CHEMBL200654,COc1ccc(CNC(=O)c2c[nH]nc2-c2cc(Cl)c(O)cc2O)cc1,6000.0,intermediate
CHEMBL200353,O=C(NCc1ccccc1)c1cn[nH]c1-c1cc(Cl)c(O)cc1O,12800.0,inactive
CHEMBL200469,CC(=O)c1ccc(NC(=O)c2cn[nH]c2-c2cc(Cl)c(O)cc2O)cc1,258.0,active
CHEMBL370769,CC(=O)Nc1ccc(NC(=O)c2c[nH]nc2-c2cc(Cl)c(O)cc2O)cc1,31500.0,inactive
CHEMBL382270,COc1ccc(N(C)C(=O)c2c[nH]nc2-c2cc(Cl)c(O)cc2O)cc1,50000.0,inactive
CHEMBL371963,O=C(Nc1ccc(Cl)cc1)c1cn[nH]c1-c1cc(Cl)c(O)cc1O,6900.0,intermediate
CHEMBL200556,COc1ccc(NC(=O)c2c[nH]nc2-c2cc(Cl)c(O)cc2O)cc1,6000.0,intermediate
CHEMBL200488,COc1cccc(NC(=O)c2c[nH]nc2-c2cc(Cl)c(O)cc2O)c1,11700.0,inactive
CHEMBL200318,O=C(Nc1ccccc1)c1cn[nH]c1-c1cc(Cl)c(O)cc1O,7100.0,intermediate
CHEMBL204689,CCNC1CCN(c2c[nH]nc2-c2cc(Br)c(O)cc2O)CC1,5600.0,intermediate
CHEMBL207397,CS(=O)(=O)c1ccc(CNC2CCN(c3c[nH]nc3-c3cc(Br)c(O)cc3O)CC2)cc1,13900.0,inactive
CHEMBL377333,Oc1cc(O)c(-c2n[nH]cc2N2CCC(O)CC2)cc1Br,21200.0,inactive
CHEMBL207701,CCNC(=O)c1n[nH]c(-c2cc(Cl)c(O)cc2O)c1N1CCNCC1,9500.0,intermediate
CHEMBL437306,OCc1n[nH]c(-c2cc(Cl)c(O)cc2O)c1N1CCNCC1,25100.0,inactive
CHEMBL207613,Cc1n[nH]c(-c2cc(Cl)c(O)cc2O)c1N1CCNCC1,3000.0,intermediate
CHEMBL207757,CS(=O)(=O)c1ccc(CN2CCN(c3c[nH]nc3-c3cc(CCc4ccccc4)c(O)cc3O)CC2)cc1,5200.0,intermediate
CHEMBL207307,CS(=O)(=O)c1ccc(CN2CCN(c3c[nH]nc3-c3cc(Br)c(O)cc3O)CC2)cc1,600.0,active
CHEMBL207352,Oc1cc(O)c(-c2[nH]ncc2N2CCNCC2)cc1-c1ccccc1,8500.0,intermediate
CHEMBL383262,Oc1cc(O)c(-c2[nH]ncc2N2CCNCC2)cc1CCc1ccccc1,2400.0,intermediate
CHEMBL206679,Oc1cc(O)c(-c2[nH]ncc2N2CCNCC2)cc1Br,9700.0,intermediate
CHEMBL381772,NC(=O)CN1CCN(c2c[nH]nc2-c2cc(Cl)c(O)cc2O)CC1,32600.0,inactive
CHEMBL377516,Oc1cc(O)c(-c2[nH]ncc2N2CCN(CCc3ccccc3)CC2)cc1Cl,4400.0,intermediate
CHEMBL251974,Oc1cc(O)c(-c2n[nH]cc2N2CCN(Cc3ccccc3)CC2)cc1Cl,600.0,active
CHEMBL208239,CS(=O)(=O)c1ccc(CN2CCN(c3cn[nH]c3-c3cc(Cl)c(O)cc3O)CC2)cc1,740.0,active
CHEMBL426848,CCN1CCN(c2c[nH]nc2-c2cc(Cl)c(O)cc2O)CC1,4300.0,intermediate
CHEMBL205546,CN1CCN(c2c[nH]nc2-c2cc(Cl)c(O)cc2O)CC1,8800.0,intermediate
CHEMBL204784,Oc1cc(O)c(-c2[nH]ncc2N2CCOCC2)cc1Cl,21700.0,inactive
CHEMBL380888,Oc1cc(O)c(-c2[nH]ncc2N2CCNCC2)cc1Cl,2000.0,intermediate
CHEMBL399530,CCc1cc(-c2[nH]nc(C)c2-c2ccc3c(c2)OCCO3)c(O)cc1O,148.0,active
CHEMBL208433,CC1(C)CC2=Nc3ccccc3NC(c3cccc(O)c3O)C2=C(O)C1,2700.0,intermediate
CHEMBL380370,Cc1nc(N)sc1-c1csc(Nc2ccccn2)n1,7000.0,intermediate
CHEMBL210638,COc1cc(C2CC(c3ccccc3O)=NN2)ccc1O,5400.0,intermediate
CHEMBL210914,O=C1CC(=O)N(c2cccc(Cl)c2)N1,4100.0,intermediate
CHEMBL209516,COc1ccc(O)c(-c2c[nH]nc2-c2cccs2)c1,3000.0,intermediate
CHEMBL385134,COc1cccc(C(=O)Nc2ccc(O)c(C)c2)c1,2500.0,intermediate
CHEMBL209511,O=S(=O)(Nc1ccc(Cl)cc1O)c1ccccc1,2000.0,intermediate
CHEMBL209453,Cc1cc(O)nc(SCC(=O)c2ccc(O)c(O)c2)n1,2300.0,intermediate
CHEMBL209451,O=c1c(Oc2ccc(F)cc2)coc2c(O)c(O)ccc12,3200.0,intermediate
CHEMBL383041,O=C1CC(Nc2ccc(N3CCOCC3)cc2)C(=O)N1Cc1ccccc1,1900.0,intermediate
CHEMBL377045,CCCCn1c(Sc2nc3cncc(Br)c3s2)nc2c(N)ncnc21,400.0,active
CHEMBL212133,CCOP(=O)(CCn1c(Sc2nc3cncc(Br)c3s2)nc2c(N)ncnc21)OCC,28.0,active
CHEMBL377958,CCCCn1c(Sc2nc3cncc(Cl)c3s2)nc2c(N)ncnc21,280.0,active
CHEMBL212850,CCOP(=O)(CCn1c(Sc2nc3cncc(Cl)c3s2)nc2c(N)ncnc21)OCC,30.0,active
CHEMBL377024,CC(=O)OCCCn1c(Sc2nc3cncc(Cl)c3s2)nc2c(N)ncnc21,170.0,active
CHEMBL213119,CCCCn1c(Sc2nc3cc(Cl)ccc3s2)nc2c(N)ncnc21,20000.0,inactive
CHEMBL211979,CCCCn1c(Sc2nc3c(Cl)cccc3s2)nc2c(N)ncnc21,15000.0,inactive
CHEMBL377647,CCCCn1c(Sc2nc3ccc(Cl)cc3s2)nc2c(N)ncnc21,7000.0,intermediate
CHEMBL213262,CCCCn1c(Sc2nc3cccc(Cl)c3s2)nc2c(N)ncnc21,180.0,active
CHEMBL213801,CCCCn1c(Sc2nc3cccc(F)c3s2)nc2c(N)ncnc21,200.0,active
CHEMBL386499,CCCCn1c(Sc2nc3cccc(C)c3s2)nc2c(N)ncnc21,300.0,active
CHEMBL213584,CCCCn1c(Sc2nc3cccc(OCC)c3s2)nc2c(N)ncnc21,100000.0,inactive
CHEMBL386399,CCCCn1c(Sc2nc3cccc(OC)c3s2)nc2c(N)ncnc21,190.0,active
CHEMBL214400,CCCCn1c(Sc2nc3ccc(Cl)c(Cl)c3s2)nc2c(N)ncnc21,25000.0,inactive
CHEMBL379345,CCCn1c(Sc2nc3cccc(Cl)c3s2)nc2c(N)ncnc21,250.0,active
CHEMBL438613,CCn1c(Sc2nc3cccc(Cl)c3s2)nc2c(N)ncnc21,200.0,active
CHEMBL438068,CCCCCn1c(Sc2nc3cccc(Cl)c3s2)nc2c(N)ncnc21,700.0,active
CHEMBL212076,CC(=O)OCCCn1c(Sc2nc3cccc(Cl)c3s2)nc2c(N)ncnc21,90.0,active
CHEMBL448474,CC(=O)OCCn1c(Sc2nc3cccc(Cl)c3s2)nc2c(N)ncnc21,150.0,active
CHEMBL377631,CC(=O)OCCCCn1c(Sc2nc3cccc(Cl)c3s2)nc2c(N)ncnc21,130.0,active
CHEMBL385927,N#CCCCCn1c(Sc2nc3cccc(Cl)c3s2)nc2c(N)ncnc21,110.0,active
CHEMBL377371,CCOP(=O)(CCn1c(Sc2nc3cccc(Cl)c3s2)nc2c(N)ncnc21)OCC,30.0,active
CHEMBL379544,Nc1ncnc2c1nc(Sc1nc3cccc(Cl)c3s1)n2CCCO,150.0,active
CHEMBL209522,Nc1ncnc2c1nc(Sc1nc3cccc(Cl)c3s1)n2CCO,300.0,active
CHEMBL379641,Nc1ncnc2c1nc(Sc1nc3cccc(Cl)c3s1)n2CCCCO,150.0,active
CHEMBL378338,Nc1ncnc2c1nc(Sc1nc3cccc(Cl)c3s1)n2CCN1CCOCC1,250.0,active
CHEMBL384763,CC(C)(C)NCCn1c(Sc2nc3cccc(Cl)c3s2)nc2c(N)ncnc21,140.0,active
CHEMBL215657,CC(C)(C)CNCCn1c(Sc2nc3cccc(Cl)c3s2)nc2c(N)ncnc21,35.0,active
CHEMBL215947,Nc1ncnc2c1nc(Sc1nc3cccc(Cl)c3s1)n2CCNC1CC1,110.0,active
CHEMBL386780,CC(C)NCCCn1c(Sc2nc3cccc(Cl)c3s2)nc2c(N)ncnc21,170.0,active
CHEMBL211528,CC(C)(C)NCCCn1c(Sc2nc3cccc(Cl)c3s2)nc2c(N)ncnc21,150.0,active
CHEMBL213118,CCCCn1c(Sc2nc3ccccc3s2)nc2c(N)ncnc21,5000.0,intermediate
CHEMBL386882,CCCCn1c(Sc2nc3cccc(Br)c3s2)nc2c(N)ncnc21,330.0,active
CHEMBL229638,COc1ccc(OC)c(Cn2cnc3c(Cl)nc(N)nc32)c1,3000.0,intermediate
CHEMBL388822,COc1cc(Cn2cnc3cnc(N)nc32)c(Br)c(OC)c1OC,50000.0,inactive
CHEMBL228991,COc1cc(Cn2cnc3c(S)nc(N)nc32)c(Br)c(OC)c1OC,100000.0,inactive
CHEMBL388821,COc1cc(Cn2cnc3c(O)nc(N)nc32)c(Cl)c(OC)c1OC,700.0,active
CHEMBL228990,COc1cc(Cn2cnc3c(C)nc(N)nc32)c(Cl)c(OC)c1OC,1800.0,intermediate
CHEMBL228989,Cc1cnc(Cn2cnc3c(Cl)nc(N)nc32)c(C)c1,7500.0,intermediate
CHEMBL229797,Cc1cnc(Cn2cnc3c(Cl)nc(N)nc32)c(C)c1[S+](C)[O-],10000.0,inactive
CHEMBL229577,CSc1c(C)cnc(Cn2cnc3c(Cl)nc(N)nc32)c1C,27.0,active
CHEMBL229576,Cc1cnc(Cn2cnc3c(Cl)nc(N)nc32)c(C)c1C,42.0,active
CHEMBL389164,Cc1cnc(Cn2cnc3c(Cl)nc(N)nc32)c(C)c1I,9.0,active
CHEMBL229943,Cc1cnc(Cn2cnc3c(Cl)nc(N)nc32)c(C)c1Br,15.0,active
CHEMBL229891,Cc1cnc(Cn2cnc3c(Cl)nc(N)nc32)c(C)c1Cl,35.0,active
CHEMBL388347,COc1c(C)c(Cl)nc(Cn2cnc3c(Cl)nc(N)nc32)c1C,90.0,active
CHEMBL229839,COc1c(C)c[n+]([O-])c(Cn2cnc3c(Cl)nc(N)nc32)c1C,80.0,active
CHEMBL388134,Cc1cnc(Cn2cnc3c(Cl)nc(N)nc32)c(C)c1OC(C)C,1500.0,intermediate
CHEMBL229838,CCOc1c(C)cnc(Cn2cnc3c(Cl)nc(N)nc32)c1C,1500.0,intermediate
CHEMBL375462,Cc1cnc(Cn2cnc3c(Cl)nc(N)nc32)c(C)c1O,100000.0,inactive
CHEMBL557165,COc1c(C)cnc(Cn2cnc3c(Cl)nc(N)nc32)c1C.Cl,30.0,active
CHEMBL536072,COc1c(C)ncc(Cn2cnc3c(Cl)nc(N)nc32)c1C.Cl,20.0,active
CHEMBL376166,COc1ccc(I)c(Cc2nc3c(N)ncnc3n2CCNCC(C)(C)C)c1,90.0,active
CHEMBL390557,COc1cc(Cn2cnc3c(OC)nc(N)nc32)c(Br)c(OC)c1OC,45000.0,inactive
CHEMBL229692,COc1cc(Cn2cnc3c(N)nc(N)nc32)c(Br)c(OC)c1OC,17000.0,inactive
CHEMBL229691,COc1cc(Cn2cnc3c(Br)nc(N)nc32)c(Br)c(OC)c1OC,55.0,active
CHEMBL388550,COc1cc(Cn2cnc3c(Cl)nc(N)nc32)c(I)c(OC)c1OC,340.0,active
CHEMBL229690,COc1cc(Cn2cnc3c(Cl)nc(N)nc32)c(Br)c(OC)c1OC,70.0,active
CHEMBL388549,COc1cc(Cn2cnc3c(Cl)nc(N)nc32)c(Cl)c(OC)c1OC,50.0,active
CHEMBL229639,COc1cc(Cn2cnc3c(Cl)nc(N)nc32)cc(OC)c1OC,2000.0,intermediate
CHEMBL228407,Cc1cnc(Cn2cnc3c(Cl)nc(N)nc32)c(C)c1N,5800.0,intermediate
CHEMBL228406,Cc1cnc(Cn2cnc3c(Cl)nc(N)nc32)c(C)c1[N+](=O)[O-],1000.0,active
CHEMBL412010,CC(C)=CCc1c(O)cc2occ(-c3ccc4c(c3)OCO4)c(=O)c2c1O,14000.0,inactive
CHEMBL254037,CC(=O)c1ccc(CNC(=O)c2c[nH]nc2-c2cc(Cl)c(O)cc2O)cc1,258.0,active
CHEMBL365617,CCNC(=O)c1n[nH]c(-c2cc(Cl)c(O)cc2O)c1-c1ccc(OC)cc1,25.0,active
CHEMBL399732,CCNC(=O)c1[nH]nc(-c2cc(Cl)c(O)cc2O)c1-c1cccc(CN2CCC[C@H]2CO)c1,1660.0,intermediate
CHEMBL429841,CCNC(=O)c1[nH]nc(-c2cc(Cl)c(O)cc2O)c1-c1cccc(CN(C)CCO)c1,914.0,active
CHEMBL252780,CCNC(=O)c1[nH]nc(-c2cc(Cl)c(O)cc2O)c1-c1cccc(CNCCN2CCOCC2)c1,431.0,active
CHEMBL252984,CCNC(=O)c1[nH]nc(-c2cc(Cl)c(O)cc2O)c1-c1cccc(CN2CCN(C(C)=O)CC2)c1,1290.0,intermediate
CHEMBL399531,CCNC(=O)c1[nH]nc(-c2cc(Cl)c(O)cc2O)c1-c1cccc(CNCCOC)c1,728.0,active
CHEMBL252983,CCNC(=O)c1[nH]nc(-c2cc(Cl)c(O)cc2O)c1-c1cccc(CN2CCC(CO)CC2)c1,2630.0,intermediate
CHEMBL429307,CCNC(=O)c1[nH]nc(-c2cc(Cl)c(O)cc2O)c1-c1cccc(CNCc2ccccc2C(F)(F)F)c1,231.0,active
CHEMBL252779,CCNC(=O)c1[nH]nc(-c2cc(Cl)c(O)cc2O)c1-c1cccc(CNCCN2CCCCC2)c1,1000.0,active
CHEMBL252577,CCNC(=O)c1[nH]nc(-c2cc(Cl)c(O)cc2O)c1-c1cccc(CN2CCOCC2)c1,222.0,active
CHEMBL398710,CCNC(=O)c1[nH]nc(-c2cc(Cl)c(O)cc2O)c1-c1ccc(CN(CCO)CCO)cc1,142.0,active
CHEMBL428763,CCNC(=O)c1[nH]nc(-c2cc(Cl)c(O)cc2O)c1-c1ccc(CNC(=O)C[C@@H]2CCCN2)cc1,57.0,active
CHEMBL252576,CCNC(=O)c1[nH]nc(-c2cc(Cl)c(O)cc2O)c1-c1ccc(CN2CCOCC2)cc1,37.0,active
CHEMBL398709,CCNC(=O)c1[nH]nc(-c2cc(Cl)c(O)cc2O)c1-c1ccc(CN2CCS(=O)(=O)CC2)cc1,27.0,active
CHEMBL428236,CCNC(=O)c1[nH]nc(-c2cc(Cl)c(O)cc2O)c1-c1ccc(CNCCS(C)(=O)=O)cc1,35.0,active
CHEMBL252377,CCNC(=O)c1[nH]nc(-c2cc(Cl)c(O)cc2O)c1-c1ccc(CNC(=O)C2CCCN(C)C2)cc1,115.0,active
CHEMBL252376,CCNC(=O)c1[nH]nc(-c2cc(Cl)c(O)cc2O)c1-c1ccc(CN(CC)CC)cc1,146.0,active
CHEMBL401370,CCNC(=O)c1noc(-c2cc(-c3ccccc3)c(O)cc2O)c1-c1ccc(CN(CC)CC)cc1,74.0,active
CHEMBL252370,CCNC(=O)c1noc(-c2cc(C(C)C)c(O)cc2O)c1-c1ccc(CN2CCCCC2)cc1,6.0,active
CHEMBL252165,CCNC(=O)c1noc(-c2cc(C(C)C)c(O)cc2O)c1-c1ccc(CN(CC)CC)cc1,6.0,active
CHEMBL252164,CCNC(=O)c1noc(-c2cc(C(C)C)c(O)cc2O)c1-c1ccc(CN2CCOCC2)cc1,21.0,active
CHEMBL253185,CCNC(=O)c1noc(-c2cc(C(C)(C)C)c(O)cc2O)c1-c1ccc(CN2CCCCC2)cc1,11.0,active
CHEMBL399583,CCNC(=O)c1noc(-c2cc(C(C)(C)C)c(O)cc2O)c1-c1ccc(CN2CCOCC2)cc1,8.0,active
CHEMBL254458,CCNC(=O)c1noc(-c2cc(CC(C)C)c(O)cc2O)c1-c1ccc(CN2CCOCC2)cc1,35.0,active
CHEMBL254457,CCNC(=O)c1noc(-c2cc(-c3ccc(F)cc3)c(O)cc2O)c1-c1ccc(CN2CCCCC2)cc1,36.0,active
CHEMBL254249,CCNC(=O)c1noc(-c2cc(-c3ccccc3C)c(O)cc2O)c1-c1ccc(CN2CCCCC2)cc1,14.0,active
CHEMBL399980,CCNC(=O)c1noc(-c2cc(-c3ccccc3F)c(O)cc2O)c1-c1ccc(CN2CCOCC2)cc1,39.0,active
CHEMBL400778,CCNC(=O)c1noc(-c2cc(-c3ccccc3)c(O)cc2O)c1-c1ccc(CN2CCCCC2)cc1,14.0,active
CHEMBL254248,CCNC(=O)c1noc(-c2cc(-c3ccccc3)c(O)cc2O)c1-c1ccc(CN2CCOCC2)cc1,22.0,active
CHEMBL254043,CCNC(=O)c1noc(-c2cc(CCc3cccc(F)c3)c(O)cc2O)c1-c1ccc(CN2CCOCC2)cc1,26.0,active
CHEMBL438873,CCNC(=O)c1noc(-c2cc(CCc3ccc(F)cc3)c(O)cc2O)c1-c1ccc(CN2CCCCC2)cc1,26.0,active
CHEMBL254042,CCNC(=O)c1noc(-c2cc(CCc3ccc(F)cc3)c(O)cc2O)c1-c1ccc(CN2CCOCC2)cc1,20.0,active
CHEMBL253837,CCNC(=O)c1noc(-c2cc(CC)c(O)cc2O)c1-c1ccc(CN(CC)CC)cc1,13.0,active
CHEMBL400187,CCNC(=O)c1noc(-c2cc(CC)c(O)cc2O)c1-c1ccc(CN2CCOCC2)cc1,29.0,active
CHEMBL253836,CCNC(=O)c1noc(-c2cc(CCc3ccccc3)c(O)cc2O)c1-c1ccc(CN2CCOCC2)cc1,32.0,active
CHEMBL253618,CCNC(=O)c1noc(-c2cc(Cl)c(O)cc2O)c1-c1cccc(N2CCN(C(C)=O)CC2)c1,239.0,active
CHEMBL400186,CCNC(=O)c1noc(-c2cc(Cl)c(O)cc2O)c1-c1cccc(N2CCN(C)CC2)c1,343.0,active
CHEMBL253617,CCNC(=O)c1noc(-c2cc(Cl)c(O)cc2O)c1-c1cccc(N2CCOCC2)c1,127.0,active
CHEMBL253616,CCNC(=O)c1noc(-c2cc(Cl)c(O)cc2O)c1-c1ccc(CN(C)C)cc1,18.0,active
CHEMBL437015,CCNC(=O)c1noc(-c2cc(Cl)c(O)cc2O)c1-c1ccc(CN2CCCC2)cc1,39.0,active
CHEMBL253401,CCNC(=O)c1noc(-c2cc(Cl)c(O)cc2O)c1-c1ccc(CN2CCC(O)CC2)cc1,28.0,active
CHEMBL253400,CCNC(=O)c1noc(-c2cc(Cl)c(O)cc2O)c1-c1ccc(CN2CCCCC2)cc1,19.0,active
CHEMBL253399,CCNC(=O)c1noc(-c2cc(Cl)c(O)cc2O)c1-c1ccc(CN(CC)CC)cc1,64.0,active
CHEMBL398346,CCNC(=O)c1noc(-c2cc(Cl)c(O)cc2O)c1-c1ccc(CN2CCOCC2)cc1,21.0,active
CHEMBL427716,CCNC(=O)c1noc(-c2cc(Cl)c(O)cc2O)c1-c1ccc(CN2CCN(C)CC2)cc1,39.0,active
CHEMBL253193,CCNC(=O)c1noc(-c2cc(Cl)c(O)cc2O)c1-c1ccc(CNCCS(C)(=O)=O)cc1,14.0,active
CHEMBL253192,CCNC(=O)c1noc(-c2cc(Cl)c(O)cc2O)c1-c1ccc(CN2CCS(=O)(=O)CC2)cc1,21.0,active
CHEMBL252124,CCNC(=O)c1noc(-c2cc(Cl)c(O)cc2O)c1-c1ccc(OC)cc1,28.0,active
CHEMBL252329,CCNC(=O)c1noc(-c2cc(CC)c(OC)cc2OC)c1-c1ccc(CN2CCOCC2)cc1,1560.0,intermediate
CHEMBL252328,CCNC(=O)c1noc(-c2cc(CC)c(O)cc2OC)c1-c1ccc(CN2CCOCC2)cc1,540.0,active
CHEMBL438695,CCNC(=O)c1noc(-c2cc(CC)c(OC)cc2O)c1-c1ccc(CN2CCOCC2)cc1,15.0,active
CHEMBL513225,O=C(c1c(O)cc(O)cc1O)n1cccc1,20000.0,inactive
CHEMBL453447,O=C(c1ccc(O)cc1O)n1cccc1,20000.0,inactive
CHEMBL472658,O=C(c1ccc(O)cc1O)N1CCCC1,20000.0,inactive
CHEMBL472659,O=C(c1ccc(O)cc1O)N1CCC(S(=O)(=O)c2ccccc2)C1,50000.0,inactive
CHEMBL514290,O=C(c1ccc(O)cc1O)N1Cc2ccccc2C1,7000.0,intermediate
CHEMBL471409,O=C(c1ccc(O)cc1O)N1CCCC1c1ccccc1,14000.0,inactive
CHEMBL511998,Cc1ccccc1C1CCCN1C(=O)c1ccc(O)cc1O,9300.0,intermediate
CHEMBL445947,O=C(c1ccc(O)cc1O)N1CCCC1c1ccccc1Cl,8600.0,intermediate
CHEMBL511310,COc1ccccc1C1CCCN1C(=O)c1ccc(O)cc1O,10300.0,inactive
CHEMBL471618,O=C(c1ccc(O)cc1O)N1CCCC1c1ccccn1,20000.0,inactive
CHEMBL470365,Cc1ccccc1[C@H]1CCCN1C(=O)c1ccc(O)cc1O,4000.0,intermediate
CHEMBL443200,Cc1ccccc1[C@@H]1CCCN1C(=O)c1ccc(O)cc1O,50000.0,inactive
CHEMBL450227,Cc1ccccc1C1CCCN1C(=O)c1cc(Cl)c(O)cc1O,1000.0,active
CHEMBL472262,COC(=O)c1ccc(C)c(C2CCCN2C(=O)c2cc(Cl)c(O)cc2O)c1,20000.0,inactive
CHEMBL472467,COC(=O)c1ccc(C2CCCN2C(=O)c2cc(Cl)c(O)cc2O)c(C)c1,1000.0,active
CHEMBL512333,Cc1cc(C(=O)N(C)C)ccc1C1CCCN1C(=O)c1cc(Cl)c(O)cc1O,300.0,active
CHEMBL470810,CCNC(=O)c1ccc(C2CCCN2C(=O)c2cc(Cl)c(O)cc2O)c(C)c1,4800.0,intermediate
CHEMBL471019,COC(=O)c1cccc(C2CCCN2C(=O)c2cc(Cl)c(O)cc2O)c1C,1600.0,intermediate
CHEMBL470173,Cc1c(C(=O)N(C)C)cccc1C1CCCN1C(=O)c1cc(Cl)c(O)cc1O,2000.0,intermediate
CHEMBL470174,Cc1cc(C(=O)N2CCC2)ccc1C1CCCN1C(=O)c1cc(Cl)c(O)cc1O,150.0,active
CHEMBL469506,Cc1cc(C(=O)N2CCCC2)ccc1C1CCCN1C(=O)c1cc(Cl)c(O)cc1O,150.0,active
CHEMBL511160,Cc1cc(C(=O)N2CC(O)C2)ccc1C1CCCN1C(=O)c1cc(Cl)c(O)cc1O,1300.0,intermediate
CHEMBL471817,Cc1cc(C(=O)N2CC(F)C2)ccc1C1CCCN1C(=O)c1cc(Cl)c(O)cc1O,73.0,active
CHEMBL471818,Cc1cc(C(=O)N2CC(F)(F)C2)ccc1C1CCCN1C(=O)c1cc(Cl)c(O)cc1O,30.0,active
CHEMBL487771,Cc1cc(C(=O)N2CCC(F)(F)C2)ccc1C1CCCN1C(=O)c1cc(Cl)c(O)cc1O,70.0,active
CHEMBL521041,Cc1cc(C(=O)N2CC(F)(F)C2)ccc1[C@@H]1CCCN1C(=O)c1cc(Cl)c(O)cc1O,20000.0,inactive
CHEMBL486750,Cc1cc(C(=O)N2CC(F)(F)C2)ccc1[C@H]1CCCN1C(=O)c1cc(Cl)c(O)cc1O,20.0,active
CHEMBL520382,Cc1cc(C(=O)N2CCC(F)(F)C2)ccc1[C@@H]1CCCN1C(=O)c1cc(Cl)c(O)cc1O,11000.0,inactive
CHEMBL486547,Cc1cc(C(=O)N2CCC(F)(F)C2)ccc1[C@H]1CCCN1C(=O)c1cc(Cl)c(O)cc1O,27.0,active
CHEMBL383824,CO[C@H]1/C=C\C=C(/C)C(=O)NC2=CC(=O)C(NCCN(C)C)=C(C[C@@H](C)C[C@H](OC)[C@H](O)[C@@H](C)/C=C(\C)[C@@H]1OC(N)=O)C2=O,17.6,active
CHEMBL473330,CC(=O)C1=C(c2ccccc2)C(=O)c2ccccc2C1=O,3300.0,intermediate
CHEMBL502336,CC(=O)NC1=C(c2ccccc2)C(=O)c2ccccc2C1=O,3200.0,intermediate
CHEMBL473939,COc1ccccc1C1=C(NC(C)=O)C(=O)c2ccccc2C1=O,2500.0,intermediate
CHEMBL473940,COc1cccc(C2=C(NC(C)=O)C(=O)c3ccccc3C2=O)c1,4800.0,intermediate
CHEMBL474124,COc1ccc(C2=C(NC(C)=O)C(=O)c3ccccc3C2=O)cc1,2200.0,intermediate
CHEMBL473034,CC(=O)NC1=C(c2ccccc2Cl)C(=O)c2ccccc2C1=O,2300.0,intermediate
CHEMBL472735,CC(=O)NC1=C(c2cccc(Cl)c2)C(=O)c2ccccc2C1=O,2000.0,intermediate
CHEMBL472736,CC(=O)NC1=C(c2ccc(Cl)cc2)C(=O)c2ccccc2C1=O,5300.0,intermediate
CHEMBL473337,CC(=O)NC1=C(c2ccc3oc4ccccc4c3c2)C(=O)c2ccccc2C1=O,13300.0,inactive
CHEMBL473338,CC(=O)NC1=C(c2ccc(Oc3ccccc3)cc2)C(=O)c2ccccc2C1=O,24600.0,inactive
CHEMBL153133,CC(=O)NC1=C(Cl)C(=O)c2ccccc2C1=O,6600.0,intermediate
CHEMBL473541,O=C(NC1=C(c2ccccc2)C(=O)c2ccccc2C1=O)c1ccccc1,3800.0,intermediate
CHEMBL514626,COc1ccccc1C1=C(NC(=O)c2ccccc2)C(=O)c2ccccc2C1=O,3000.0,intermediate
CHEMBL473542,COc1cccc(C2=C(NC(=O)c3ccccc3)C(=O)c3ccccc3C2=O)c1,2700.0,intermediate
CHEMBL473743,COc1ccc(C2=C(NC(=O)c3ccccc3)C(=O)c3ccccc3C2=O)cc1,2800.0,intermediate
CHEMBL491478,O=C(NC1=C(c2ccccc2Cl)C(=O)c2ccccc2C1=O)c1ccccc1,1800.0,intermediate
CHEMBL522794,O=C(NC1=C(c2cccc(Cl)c2)C(=O)c2ccccc2C1=O)c1ccccc1,6300.0,intermediate
CHEMBL491279,O=C(NC1=C(c2ccc(Cl)cc2)C(=O)c2ccccc2C1=O)c1ccccc1,1800.0,intermediate
CHEMBL521617,O=C(NC1=C(c2ccc3oc4ccccc4c3c2)C(=O)c2ccccc2C1=O)c1ccccc1,100000.0,inactive
CHEMBL491280,O=C(NC1=C(c2ccc(Oc3ccccc3)cc2)C(=O)c2ccccc2C1=O)c1ccccc1,100000.0,inactive
CHEMBL502910,O=C(NC1=C(Cl)C(=O)c2ccccc2C1=O)c1ccccc1,30100.0,inactive
CHEMBL494243,COc1ccc(C2=C(NC(=O)c3ccc(OC)c(-c4cccc(OC)c4)c3)C(=O)c3ccccc3C2=O)cc1,100000.0,inactive
CHEMBL490301,COc1cccc(-c2cc(C(=O)NC3=C(Cl)C(=O)c4ccccc4C3=O)ccc2OC)c1,1700.0,intermediate
CHEMBL490302,COc1ccc(C2=C(NC(=O)c3ccccc3Cl)C(=O)c3ccccc3C2=O)cc1,2000.0,intermediate
CHEMBL490493,COc1ccc(C2=C(NC(=O)c3cccc(Cl)c3)C(=O)c3ccccc3C2=O)cc1,12900.0,inactive
CHEMBL475546,COc1ccc(C2=C(NC(=O)c3ccc(Cl)cc3)C(=O)c3ccccc3C2=O)cc1,3000.0,intermediate
CHEMBL514665,COc1ccc(C2=C(NC(=O)c3ccccc3OC)C(=O)c3ccccc3C2=O)cc1,5800.0,intermediate
CHEMBL489304,COc1ccc(C2=C(NC(=O)c3cccc(OC)c3)C(=O)c3ccccc3C2=O)cc1,44200.0,inactive
CHEMBL489305,COc1ccc(C(=O)NC2=C(c3ccc(OC)cc3)C(=O)c3ccccc3C2=O)cc1,2400.0,intermediate
CHEMBL490485,COc1ccc(C2=C(NC(=O)c3cccc4ccccc34)C(=O)c3ccccc3C2=O)cc1,9900.0,intermediate
CHEMBL489693,COc1ccc(C2=C(NC(=O)c3ccc4ccccc4c3)C(=O)c3ccccc3C2=O)cc1,100000.0,inactive
CHEMBL490682,COc1ccc(C2=C(NC(=O)C3CCCCC3)C(=O)c3ccccc3C2=O)cc1,2500.0,intermediate
CHEMBL473938,O=C1c2ccccc2C(=O)c2c1nc1ccccn21,1200.0,intermediate
CHEMBL473331,CC(=O)NC1=C(N2CCOCC2)C(=O)c2nonc2C1=O,1200.0,intermediate
CHEMBL200102,CC(C)NCCCn1c(Sc2cc3c(cc2I)OCO3)nc2c(N)ncnc21,43.0,active
CHEMBL495285,CC(C)NCCCC(C)Nc1cc(O)cc2cccnc12,1600.0,intermediate
CHEMBL494825,CC(CCN(C)C)Nc1cc(O)cc2cccnc12,800.0,active
CHEMBL493021,NCCCCCNc1cc(O)cc2cccnc12,1000.0,active
CHEMBL479528,CC(N)CCCCNc1cc(O)cc2cccnc12,1600.0,intermediate
CHEMBL450140,CC(N)CCCNc1cc(O)cc2cccnc12,1600.0,intermediate
CHEMBL463568,NCCCCNc1cc(O)cc2cccnc12,1600.0,intermediate
CHEMBL445219,CCC(N)CCNc1cc(O)cc2cccnc12,1600.0,intermediate
CHEMBL479598,NCCCNc1cc(O)cc2cccnc12,7600.0,intermediate
CHEMBL479597,COc1cc(NCCCN(C(C)C)C(C)C)c2nc(OC)cc(Cl)c2c1,50000.0,inactive
CHEMBL519955,CCN(CC)CCCNc1cc(OC)cc2ccc(OC)nc12,14000.0,inactive
CHEMBL482131,CCN(CC)CCCNc1cc(OC)c(Nc2ccccc2)c2cccnc12,2100.0,intermediate
CHEMBL482130,COc1ccc(Oc2c(OC)cc(NCCCCCNC(C)C)c3ncccc23)cc1,50000.0,inactive
CHEMBL12440,COc1cc(NC(C)CCCN)c2ncccc2c1Oc1ccc(Cl)cc1,50000.0,inactive
CHEMBL520948,COc1cc(NC(C)CCCNC(C)C)c2ncccc2c1OC,44000.0,inactive
CHEMBL480978,COc1cc(NC(C)CCCNC(C)C)c2ncccc2c1,14400.0,inactive
CHEMBL499666,CCCNCCCC(C)Nc1cc(OC)cc2c(C)ccnc12,50000.0,inactive
CHEMBL480834,CCC(C)(C)NCCCCCNc1cc(OC)cc2cccnc12,50000.0,inactive
CHEMBL480977,COc1cc(NCCCCN)c2ncccc2c1,50000.0,inactive
CHEMBL480976,CCC(CC)NCCCNc1cc(OC)cc2cccnc12,40000.0,inactive
CHEMBL482117,CCCC(C)N(CC)CCNc1cc(OC)cc2cccnc12,8000.0,intermediate
CHEMBL480967,CCC(C)NCCNc1cc(OC)cc2cccnc12,3100.0,intermediate
CHEMBL482265,CCN(CC)CCCCNc1cc(O)cc2cccnc12,50000.0,inactive
CHEMBL482264,CC(C)NCCCCCNc1cc(O)cc2cccnc12,2400.0,intermediate
CHEMBL482222,Br.CCN(CC)CCCCCNc1cc(O)cc2cccnc12,730.0,active
CHEMBL482263,CCC(C)N(CC(O)CNc1cc(OC)cc2cccnc12)C(C)CC,29000.0,inactive
CHEMBL134009,COc1cc(NCCN(CC(C)C)CC(C)C)c2ncccc2c1,4900.0,intermediate
CHEMBL479980,COc1cc(NCCN(C(C)C)C(C)C)c2ncccc2c1,40000.0,inactive
CHEMBL508862,CCCCN(CCCC)CCNc1cc(OC)cc2cccnc12,40000.0,inactive
CHEMBL3216654,COc1cc(NCCCC(C)N)c2ncccc2c1.Cl.Cl,5800.0,intermediate
CHEMBL494068,CCN(CC)CCCC(C)Nc1cc(O)cc2cccnc12,1100.0,intermediate
CHEMBL131144,CC(CCCN)Nc1cc(O)cc2cccnc12,1800.0,intermediate
CHEMBL489767,N#Cc1cc(S(=O)(=O)Nc2ccc(F)c(-c3c(O)ccc4c3OCO4)c2)ccc1F,27000.0,inactive
CHEMBL490783,O=[N+]([O-])c1cc(S(=O)(=O)Nc2ccc(F)c(-c3c(O)ccc4c3OCO4)c2)ccc1Cl,26000.0,inactive
CHEMBL478891,Cc1ccc(S(=O)(=O)Nc2ccc(F)c(-c3c(O)ccc4c3OCO4)c2)cc1,28000.0,inactive
CHEMBL478890,O=S(=O)(Nc1cccc(-c2c(O)ccc3c2OCO3)c1)c1ccc(F)cc1,19600.0,inactive
CHEMBL476369,Cc1ccc(S(=O)(=O)Nc2cccc(-c3c(O)ccc4c3OCO4)c2)cc1,31300.0,inactive
CHEMBL476368,O=S(=O)(Nc1cccc(-c2c(O)ccc3c2OCO3)c1)c1cc(Cl)ccc1Cl,14500.0,inactive
CHEMBL476157,O=S(=O)(Nc1ccc(O)c(-c2c(O)ccc3c2OCO3)c1)c1cc(Cl)ccc1Cl,1700.0,intermediate
CHEMBL515000,COc1ccc(O)c(O)c1-c1cc(NS(=O)(=O)c2cc(Cl)ccc2Cl)ccc1N,550.0,active
CHEMBL476574,O=S(=O)(Nc1ccc(O)c(-c2ccccc2O)c1)c1cc(Cl)ccc1Cl,19400.0,inactive
CHEMBL477825,Nc1ccc(NS(=O)(=O)c2ccc(O)cc2O)cc1-c1c(O)ccc2ccccc12,9500.0,intermediate
CHEMBL514704,COc1ccc(S(=O)(=O)Nc2ccc(N)c(-c3c(O)ccc4ccccc34)c2)c(OC)c1,25000.0,inactive
CHEMBL477824,Nc1ccc(NS(=O)(=O)c2cc(Cl)ccc2Cl)cc1-c1c(O)ccc2ccccc12,9400.0,intermediate
CHEMBL478879,O=S(=O)(Nc1ccc(O)c(-c2c(O)ccc3ccccc23)c1)c1ccc(O)cc1O,1800.0,intermediate
CHEMBL478665,COc1cc(O)ccc1S(=O)(=O)Nc1ccc(O)c(-c2c(O)ccc3ccccc23)c1,1300.0,intermediate
CHEMBL478664,COc1ccc(S(=O)(=O)Nc2ccc(O)c(-c3c(O)ccc4ccccc34)c2)c(OC)c1,2500.0,intermediate
CHEMBL476359,N#Cc1ccccc1S(=O)(=O)Nc1ccc(O)c(-c2c(O)ccc3ccccc23)c1,4400.0,intermediate
CHEMBL557478,Cc1cc2c(n1-c1ccc(C(N)=O)cc1)CC(C)(C)CC2=O,100000.0,inactive
CHEMBL559642,CCCCOc1cc(-n2c(C)cc3c2CC(C)(C)CC3=O)ccc1C(N)=O,10000.0,inactive
CHEMBL557479,CCCCCc1cc(-n2c(C)cc3c2CC(C)(C)CC3=O)ccc1C(N)=O,10000.0,inactive
CHEMBL560156,Cc1cc2c(n1-c1ccc(C(N)=O)c(Sc3ccccc3)c1)CC(C)(C)CC2=O,10000.0,inactive
CHEMBL562929,CCCCNc1cc(-n2c(C)cc3c2CC(C)(C)CC3=O)ccc1C(N)=O,10000.0,inactive
CHEMBL556391,COCCNc1cc(-n2c(C)cc3c2CC(C)(C)CC3=O)ccc1C(N)=O,10000.0,inactive
CHEMBL554288,Cc1cc2c(n1-c1ccc(C(N)=O)c(Nc3ccccc3)c1)CC(C)(C)CC2=O,6400.0,intermediate
CHEMBL559840,COc1ccc(Nc2cc(-n3c(C)cc4c3CC(C)(C)CC4=O)ccc2C(N)=O)cc1,1590.0,intermediate
CHEMBL562990,COc1cc(Nc2cc(-n3c(C)cc4c3CC(C)(C)CC4=O)ccc2C(N)=O)cc(OC)c1OC,490.0,active
CHEMBL563335,COc1cc(Nc2cc(-n3ccc4c3CC(C)(C)CC4=O)ccc2C(N)=O)cc(OC)c1OC,1830.0,intermediate
CHEMBL560955,COc1cc(Nc2cc(-n3cc(C)c4c3CC(C)(C)CC4=O)ccc2C(N)=O)cc(OC)c1OC,46.0,active
CHEMBL563608,Cc1cn(-c2ccc(C(N)=O)c(N[C@H]3CC[C@H](O)CC3)c2)c2c1C(=O)CC(C)(C)C2,7000.0,intermediate
CHEMBL564211,Cc1nn(-c2ccc(C(N)=O)c(N[C@H]3CC[C@H](O)CC3)c2)c2c1C(=O)CC(C)(C)C2,30000.0,inactive
CHEMBL560895,CC1(C)CC(=O)c2c(C(F)(F)F)nn(-c3ccc(C(N)=O)c(N[C@H]4CC[C@H](O)CC4)c3)c2C1,10000.0,inactive
CHEMBL563500,CCc1nn(-c2ccc(C(N)=O)c(N[C@H]3CC[C@H](O)CC3)c2)c2c1C(=O)CC(C)(C)C2,9000.0,intermediate
CHEMBL561019,CC1(C)CC(=O)c2c(C(F)F)nn(-c3ccc(C(N)=O)c(N[C@H]4CC[C@H](O)CC4)c3)c2C1,16000.0,inactive
CHEMBL558876,CC1(C)CC(=O)c2c(CC3CC3)nn(-c3ccc(C(N)=O)c(N[C@H]4CC[C@H](O)CC4)c3)c2C1,46000.0,inactive
CHEMBL551293,CC(C)c1nn(-c2ccc(C(N)=O)c(N[C@H]3CC[C@H](O)CC3)c2)c2c1C(=O)CC(C)(C)C2,203000.0,inactive
CHEMBL549744,Cc1c2c(n(-c3ccc(C(N)=O)c(N[C@H]4CC[C@H](O)CC4)c3)c1C)CC(C)(C)CC2=O,64000.0,inactive
CHEMBL538683,Cc1nn(-c2ccc(C(N)=O)c(NC3CCOCC3)c2)c2c1C(=O)CC(C)(C)C2,50000.0,inactive
CHEMBL565035,Cc1nn(-c2ccc(C(N)=O)c(NC3CC=CC3)c2)c2c1C(=O)CC(C)(C)C2,111000.0,inactive
CHEMBL561497,CC1(C)CC(=O)c2c(C(F)F)nn(-c3ccc(C(N)=O)c(NC4CCSCC4)c3)c2C1,35000.0,inactive
CHEMBL564559,Cc1nn(-c2ccc(C(N)=O)c(NC3CCC3)c2)c2c1C(=O)CC(C)(C)C2,229000.0,inactive
CHEMBL561637,Cc1nn(-c2ccc(C(N)=O)c(NCC3CC3)c2)c2c1C(=O)CC(C)(C)C2,184000.0,inactive
CHEMBL550139,Cc1cn(-c2ccc(C(N)=O)c(N[C@@H](C)c3ccccc3)c2)c2c1C(=O)CC(C)(C)C2,418000.0,inactive
CHEMBL561498,Cc1nn(-c2ccc(C(N)=O)c(NCc3ccco3)c2)c2c1C(=O)CC(C)(C)C2,1000000.0,inactive
CHEMBL551699,CSCCNc1cc(-n2nc(C)c3c2CC(C)(C)CC3=O)ccc1C(N)=O,226000.0,inactive
CHEMBL562037,Cc1nn(-c2ccc(C(N)=O)c(NC(C)S(C)(=O)=O)c2)c2c1C(=O)CC(C)(C)C2,147000.0,inactive
CHEMBL562038,COCC(C)Nc1cc(-n2nc(C)c3c2CC(C)(C)CC3=O)ccc1C(N)=O,115000.0,inactive
CHEMBL549543,CC1(C)CC(=O)c2c(C(F)(F)F)nn(-c3ccc(C(N)=O)c(NCCCN4CCCC4=O)c3)c2C1,264000.0,inactive
CHEMBL564702,COCC(COC)Nc1cc(-n2nc(C(F)(F)F)c3c2CC(C)(C)CC3=O)ccc1C(N)=O,181000.0,inactive
CHEMBL552094,Cc1cn(-c2ccc(C(N)=O)c(N3CCNCC3)c2)c2c1C(=O)CC(C)(C)C2,7000000.0,inactive
CHEMBL556878,Cc1cn(-c2ccc(C(N)=O)c(NCCN3CCOCC3)c2)c2c1C(=O)CC(C)(C)C2,4000000.0,inactive
CHEMBL561224,CC1(C)CC(=O)c2c(C(F)(F)F)nn(-c3ccc(C(N)=O)c(N[C@H]4CC[C@@H](O)CC4)c3)c2C1,248000.0,inactive
CHEMBL553939,CC1(C)CC(=O)c2c(C(F)(F)F)nn(-c3ccc(C(N)=O)c(N[C@H]4CC[C@H](OC(=O)CN)CC4)c3)c2C1.CS(=O)(=O)O,5000.0,intermediate
CHEMBL552300,COc1cc(Nc2cc(-n3cc(C)c4c3CCCC4=O)ccc2C(N)=O)cc(OC)c1OC,1610.0,intermediate
CHEMBL561111,COc1c(C)cnc(CN2CC(=O)Nc3c(Cl)nc(N)nc32)c1C,570.0,active
CHEMBL565069,COc1c(C)cnc(Cn2c(=O)cnc3c(Cl)nc(N)nc32)c1C,10000.0,inactive
CHEMBL556092,COc1c(C)cnc(Cn2c(=O)c(=O)[nH]c3c(Cl)nc(N)nc32)c1C,5000.0,intermediate
CHEMBL551769,COc1c(C)cnc(CN2CCNc3c(Cl)nc(N)nc32)c1C,5000.0,intermediate
CHEMBL561773,COc1c(C)cnc(CN2CC(=O)N(C)c3c(Cl)nc(N)nc32)c1C,930.0,active
CHEMBL563487,COc1c(C)cnc(CN2CC(=O)N(CCCC(C)C)c3c(Cl)nc(N)nc32)c1C,1910.0,intermediate
CHEMBL549682,COc1c(C)cnc(CN2CC(=O)N(CCN3CCCC3)c3c(Cl)nc(N)nc32)c1C,510.0,active
CHEMBL560110,COc1c(C)cnc(CN2CC(=O)N(CCCN3CCOCC3)c3c(Cl)nc(N)nc32)c1C,1550.0,intermediate
CHEMBL551245,COc1c(C)cnc(CN2CC(=O)N(C(C)C)c3c(Cl)nc(N)nc32)c1C,50.0,active
CHEMBL552184,COc1c(C)cnc(CN2CC(=O)N(CC(C)C)c3c(Cl)nc(N)nc32)c1C,40.0,active
CHEMBL549887,COc1c(C)cnc(CN2CC(=O)N(C3CCCC3)c3c(Cl)nc(N)nc32)c1C,110.0,active
CHEMBL561974,COc1c(C)cnc(CN2CC(=O)N(C(C)C(=O)NCCN(C)C)c3c(Cl)nc(N)nc32)c1C,100.0,active
CHEMBL561448,COc1c(C)cnc(CN2CC(OC3CCCC3)=Nc3c(Cl)nc(N)nc32)c1C,10.0,active
CHEMBL551774,COc1c(C)cnc(CN2CC(=O)N(C(=O)NCCN3CCOCC3)c3c(Cl)nc(N)nc32)c1C,10000.0,inactive
CHEMBL551446,COc1nc(N)nc2c1N(CC(C)C)C(=O)CN2Cc1ncc(C)c(OC)c1C,1070.0,intermediate
CHEMBL559085,COc1c(C)cnc(CN2CC(=O)N(CC(C)C)c3c(C)nc(N)nc32)c1C,980.0,active
CHEMBL562565,COc1c(C)cnc(CN2c3nc(N)nc(Cl)c3NC(=O)[C@@H]2CCO)c1C,280.0,active
CHEMBL549348,COc1c(C)cnc(CN2c3nc(N)nc(Cl)c3NC(=O)[C@H]2C)c1C,350.0,active
CHEMBL563346,COc1c(C)cnc(CN2c3nc(N)nc(Cl)c3NC(=O)[C@@H]2C)c1C,430.0,active
CHEMBL562049,COc1c(C)cnc(CN2c3nc(N)nc(Cl)c3NC(=O)[C@@H]2C(C)C)c1C,650.0,active
CHEMBL560908,COc1c(C)cnc(CN2c3nc(N)nc(Cl)c3NC(=O)[C@@H]2CC(C)C)c1C,370.0,active
CHEMBL551650,COc1c(C)cnc(CN2c3nc(N)nc(Cl)c3N(CC(C)C)C(=O)[C@@H]2C)c1C,5000.0,intermediate
CHEMBL555119,COc1c(C)cnc(CN2c3nc(N)nc(Cl)c3N(CC(C)C)C(=O)[C@@H]2C(C)C)c1C,5000.0,intermediate
CHEMBL564613,COc1c(C)cnc(CN2c3nc(N)nc(Cl)c3N(C(C)C)C(=O)[C@@H]2C(C)C)c1C,60.0,active
CHEMBL556475,Cc1cnc(CN2CC(=O)N(CC(C)C)c3c(Cl)nc(N)nc32)c(C)c1Cl,590.0,active
CHEMBL562249,Cc1cnc(CN2CC(=O)N(CC(C)C)c3c(Cl)nc(N)nc32)c(C)c1Br,100.0,active
CHEMBL551852,COc1ccnc(CN2CC(=O)N(CC(C)C)c3c(Cl)nc(N)nc32)c1OC,160.0,active
CHEMBL561110,COc1nc(CN2CC(=O)N(CC(C)C)c3c(Cl)nc(N)nc32)c(Cl)c(OC)c1OC,5000.0,intermediate
CHEMBL583865,CCNC(=O)C1c2ccccc2CN1C(=O)c1cc(Cl)c(O)cc1O,300.0,active
CHEMBL565861,CCNC(=O)[C@H]1c2ccccc2CN1C(=O)c1cc(Cl)c(O)cc1O,300.0,active
CHEMBL585869,O=C(C1c2ccccc2CN1C(=O)c1cc(Cl)c(O)cc1O)N1CCCC1,600.0,active
CHEMBL583202,O=C([C@H]1c2ccccc2CN1C(=O)c1cc(Cl)c(O)cc1O)N1CCCC1,600.0,active
CHEMBL566689,O=C(NCc1ccccc1)C1c2ccccc2CN1C(=O)c1cc(Cl)c(O)cc1O,700.0,active
CHEMBL568632,Cc1ccccc1[C@H]1CCCN1C(=O)c1cc(Cl)c(O)cc1O,1000.0,active
CHEMBL585683,CN(C)C(=O)C1c2ccccc2CN1C(=O)c1cc(Cl)c(O)cc1O,1500.0,intermediate
CHEMBL567131,CCCNC(=O)C1c2ccccc2CN1C(=O)c1cc(Cl)c(O)cc1O,1500.0,intermediate
CHEMBL583866,C=CCNC(=O)C1c2ccccc2CN1C(=O)c1cc(Cl)c(O)cc1O,1500.0,intermediate
CHEMBL567577,CNC(=O)C1c2ccccc2CN1C(=O)c1cc(Cl)c(O)cc1O,1700.0,intermediate
CHEMBL1171332,COc1cccc(-c2cc(C(=O)Nc3cc4ccc(O[C@@H]5OC(C)(C)[C@H](OC)[C@@H](O)[C@H]5C)c(C)c4oc3=O)ccc2OC)c1,18700.0,inactive
CHEMBL1172315,CO[C@@H]1[C@@H](O)[C@@H](C)[C@H](Oc2ccc3cc(NC(=O)c4c[nH]c5ccccc45)c(=O)oc3c2C)OC1(C)C,5300.0,intermediate
CHEMBL1213891,C#CCCCCn1c(Sc2cc3c(cc2Br)OCO3)nc2c(N)ncnc21,2600.0,intermediate
CHEMBL1213892,Nc1ncnc2c1nc(Sc1cc3c(cc1Br)OCO3)n2CCCc1cn(CCOCCOCCOCCOCCOCCn2cc(CCCn3c(Sc4cc5c(cc4Br)OCO5)nc4c(N)ncnc43)nn2)nn1,6300.0,intermediate
CHEMBL1213893,Nc1ncnc2c1nc(Sc1cc3c(cc1Br)OCO3)n2CCCCc1cn(CCOCCOCCOCCOCCOCCn2cc(CCCCn3c(Sc4cc5c(cc4Br)OCO5)nc4c(N)ncnc43)nn2)nn1,5200.0,intermediate
CHEMBL1213894,Nc1ncnc2c1nc(Sc1cc3c(cc1Br)OCO3)n2CCCc1cn(CCOCCOCCOCCOCCOCCOCCn2cc(CCCn3c(Sc4cc5c(cc4Br)OCO5)nc4c(N)ncnc43)nn2)nn1,7100.0,intermediate
CHEMBL1213895,Nc1ncnc2c1nc(Sc1cc3c(cc1Br)OCO3)n2CCCCc1cn(CCOCCOCCOCCOCCOCCOCCn2cc(CCCCn3c(Sc4cc5c(cc4Br)OCO5)nc4c(N)ncnc43)nn2)nn1,4700.0,intermediate
CHEMBL1213896,Nc1ncnc2c1nc(Sc1cc3c(cc1Br)OCO3)n2CCCc1cn(CCOCCOCCOCCOCCOCCOCCOCCn2cc(CCCn3c(Sc4cc5c(cc4Br)OCO5)nc4c(N)ncnc43)nn2)nn1,9200.0,intermediate
CHEMBL1213897,Nc1ncnc2c1nc(Sc1cc3c(cc1Br)OCO3)n2CCCCc1cn(CCOCCOCCOCCOCCOCCOCCOCCn2cc(CCCCn3c(Sc4cc5c(cc4Br)OCO5)nc4c(N)ncnc43)nn2)nn1,4200.0,intermediate
CHEMBL1213898,Nc1ncnc2c1nc(Sc1cc3c(cc1Br)OCO3)n2CCCc1cn(CCCO)nn1,3900.0,intermediate
CHEMBL1213899,Nc1ncnc2c1nc(Sc1cc3c(cc1Br)OCO3)n2CCCCc1cn(CCCO)nn1,2900.0,intermediate
CHEMBL1438469,Cc1c(N=c2c(=O)c3ccccc3c2=O)c(=O)n(-c2ccccc2)n1C,20627.5,inactive
CHEMBL1576128,CCS(=O)(=O)NCc1ccc2[nH]c3c(c2c1)CCCC3,29236.9,inactive
CHEMBL1488313,NCc1cc(S(=O)(=O)Nc2cc(O)cc3cccnc23)ccc1F,50000.0,inactive
CHEMBL1447501,CCc1cc(C(=O)Cc2ccc(F)cc2)c(O)cc1O,50000.0,inactive
CHEMBL1486907,Nc1cc(N)nc(SCC(=O)Nc2nncs2)n1,50000.0,inactive
CHEMBL1330631,Nc1nonc1N1CCCCC1,50000.0,inactive
CHEMBL1448100,O=[N+]([O-])c1ccc(O)c2cccnc12,50000.0,inactive
CHEMBL3196377,CCOC(=O)c1c(C)oc2c1c(/C=N/CC1CCCO1)c(O)c1ccccc12,13307.0,inactive
CHEMBL1592362,Nc1cc(N)nc(SCC(=O)Nc2nonc2N)n1,50000.0,inactive
CHEMBL1498652,O=C1C(C2=C(O)c3ccccc3C2=O)=Nc2ccccc21,50000.0,inactive
CHEMBL1724937,CN1C(=O)/C(=N\CCO)c2c3ccccc3c(O)c3cccc1c23,4455.0,intermediate
CHEMBL1489106,Nc1ccc(Nc2nc3ccccc3s2)c(O)c1,50000.0,inactive
CHEMBL1447712,O=C(COc1ccc(-c2ccccc2)cc1)N1CCN(C(=O)c2cccnc2)CC1,50000.0,inactive
CHEMBL1627152,O=[N+]([O-])c1ccc(NS(=O)(=O)c2ccccc2)c(O)c1,50000.0,inactive
CHEMBL1380958,CCOC(=O)NC1(Nc2ccc(Cl)cn2)Oc2ccccc2O1,50000.0,inactive
CHEMBL1360323,O=C(O)CCC(=O)NCc1ccc2[nH]c3c(c2c1)CCCC3,50000.0,inactive
CHEMBL1473197,O=S(=O)(Nc1cc(O)cc2cccnc12)c1ccc(F)cc1,11173.24,inactive
CHEMBL1551669,CCOc1ccc2ccccc2c1-c1cc(NS(=O)(=O)c2cc(Cl)ccc2Cl)ccc1N,50000.0,inactive
CHEMBL1409118,Nc1cc(N)nc(SCCOc2ccccc2F)n1,50000.0,inactive
CHEMBL1475213,O=C1C(=C2C=NC3=C(CCC=C3)N2)C(=O)c2ccccc21,50000.0,inactive
CHEMBL1421089,Cc1ccccc1OCC(O)Cn1c(NCCN(C)C)nc2c1c(=O)n(C)c(=O)n2C,50000.0,inactive
CHEMBL1526851,Oc1ccc(-c2nc(-c3ccc(O)c(O)c3)cs2)cc1,740.4,active
CHEMBL1381571,Cc1ccc(S(=O)(=O)N2CCC(C(=O)N[C@@H](C)C(=O)Nc3ccc4c(c3)OCO4)CC2)cc1,11910.1,inactive
CHEMBL1478881,Oc1ccc(-c2onc(C(F)(F)F)c2-c2cscn2)c(O)c1,17963.7,inactive
CHEMBL53898,N#C/C(=C\c1ccc(O)c(O)c1)C(=O)NCCCc1ccccc1,19122.5,inactive
CHEMBL1341789,O=C(c1nnc(O)c2ccccc12)N1CCN(C2c3ccccc3-c3ccccc32)CC1,50000.0,inactive
CHEMBL361845,O=C(O)COc1c(Cl)cccc1Cl,50000.0,inactive
CHEMBL1381644,Nc1ccc2ncccc2c1N,3380.9,intermediate
CHEMBL1490037,CCOC(=O)c1cnc(SC2CCc3ccccc3C2=O)nc1N,15120.1,inactive
CHEMBL1436129,Nc1cc2c(c(O)c1O)C(=O)c1ccccc1C2=O,1560.0,intermediate
CHEMBL1332240,COc1ccc(-c2nc(C[S+]([O-])CC(=O)NCc3ccccn3)c(C)o2)cc1,19271.2,inactive
CHEMBL1360810,COc1cc(NC(=O)CCCCCCN)c2ncccc2c1,50000.0,inactive
CHEMBL1447120,Cn1c(=O)c2c(nc(Oc3ccc4c(c3)OCO4)n2Cc2ccc(Cl)cc2)n(C)c1=O,50000.0,inactive
CHEMBL1529951,Cc1ccc2[nH]c3c(c2c1)CN(C(=O)CN1CCN(c2ccccc2)CC1)CC3,50000.0,inactive
CHEMBL1604699,O=C1c2ccccc2C(O)(O)C1(O)C1(O)C(=O)c2ccccc2C1(O)O,5000.0,intermediate
CHEMBL1578064,CCCc1cc(-c2[nH]ncc2-c2ccc3c(c2)OCCCO3)c(O)cc1O,12229.0,inactive
CHEMBL1451327,Cc1coc2c(O)cc3c(c12)OC1(N2CCCCC2)C(=O)NCCCC31,6620.8,intermediate
CHEMBL489772,Nc1cccc(S(=O)(=O)Nc2ccc(O)c(-c3ccccc3O)c2)c1,50000.0,inactive
CHEMBL450613,C[C@H]1CCC[C@H](O)CCCCCc2cc(O)cc(O)c2C(=O)O1,2646.2,intermediate
CHEMBL1568892,CCc1ccc(-c2nnn(CCC(=O)OC)n2)cc1,50000.0,inactive
CHEMBL1569232,O=C1c2ccccc2-c2onc3ccc(NCc4ccco4)c1c23,1562.5,intermediate
CHEMBL1530147,C=CCn1c(NC(=O)c2ccccc2Cl)c(C#N)c2nc3ccccc3nc21,50000.0,inactive
CHEMBL1500220,c1ccc2[nH]c(SCc3ccc(-c4nnco4)cc3)nc2c1,50000.0,inactive
CHEMBL1412538,CCc1cc(-c2[nH]ncc2-c2ccc3c(c2)OCO3)c(O)cc1O,1967.6,intermediate
CHEMBL1530229,O=C(c1ccc2ccccc2c1)N1CCN(c2ccc(O)cc2)CC1,50000.0,inactive
CHEMBL1521422,O=C1c2cccnc2C(=O)N1Cc1ccc2c(c1)OCO2,50000.0,inactive
CHEMBL1412717,COc1ccc(NS(=O)(=O)c2ccccc2)c(OC)c1,50000.0,inactive
CHEMBL1302564,COc1cccc(C(=O)NCC(=O)n2nc(C)cc2C)c1,50000.0,inactive
CHEMBL456678,Cc1nc(-c2c(-c3ccc(O)cc3O)noc2C(F)(F)F)cs1,16453.7,inactive
CHEMBL1530384,CCCc1cc2c(cc1NS(=O)(=O)c1ccc(CCNC(C)=O)cc1)OCO2,50000.0,inactive
CHEMBL1461276,O=C(CSc1nnc(Cc2cc(O)nc(O)n2)n1-c1ccccc1)NCC1CCCO1,50000.0,inactive
CHEMBL1479881,O=C1C(=Cc2ccccn2)CNCC1=Cc1ccccn1,50000.0,inactive
CHEMBL1608331,COc1ccc(C2CC3=Nc4ncnn4C(c4ccccc4)C3=C(O)C2)cc1,50000.0,inactive
CHEMBL1440703,CC(=O)Nc1cc(OC(C)=O)c2nonc2c1OC(C)=O,5695.5,intermediate
CHEMBL1488035,CCn1nc(-c2ccccc2)nc2c(=O)n(C)c(=O)nc1-2,136.3,active
CHEMBL1321811,CC(=O)Oc1cc2oc(=O)cc(C)c2cc1OC(C)=O,50000.0,inactive
CHEMBL489372,COc1ccc2c(c1-c1cc(NS(=O)(=O)c3ccc(C)cc3)ccc1N)OCO2,50000.0,inactive
CHEMBL242108,Nc1cc(N)c2cccnc2c1O,3130.0,intermediate
CHEMBL1597036,COc1ccc(S(=O)(=O)Nc2ccc3c(c2)OCO3)cc1OC,36081.7,inactive
CHEMBL454173,C[C@H]1CCCC(=O)CCC/C=C/c2cc(O)cc(O)c2C(=O)O1,2402.0,intermediate
CHEMBL1413772,Cc1ccc(OC(=O)c2ccc(N)cc2O)cc1,50000.0,inactive
CHEMBL1597199,Cc1cccc(NC(=O)c2c(O)c3cccc4c3n(c2=O)CCC4)n1,50000.0,inactive
CHEMBL1315272,Nc1cc(=O)c2n[nH][nH]c-2n1,50000.0,inactive
CHEMBL1462093,CC(=O)c1ccc(NC(=O)CSc2nnc(Cc3cccn3C)n2-c2ccc(F)cc2)cc1,50000.0,inactive
CHEMBL1597467,COc1ccc(C2=NO[C@@H]3C(=O)N(c4ccc5c(c4)OCCO5)C(=O)[C@H]23)cc1OC,29694.3,inactive
CHEMBL3214200,CCCc1nc2ccccc2c(=O)n1/N=C/c1ccc(O)c(O)c1,17581.6,inactive
CHEMBL99408,Nc1ccc2ncccc2c1,50000.0,inactive
CHEMBL1423479,O=C1C2C3C=CC(C3)C2C(=O)N1CNc1ccc(O)cc1,14723.4,inactive
CHEMBL1501990,O=C(NC1(O)C(=O)c2ccccc2C1=O)c1ccccc1,19528.1,inactive
CHEMBL1449293,COc1cccc(C(=O)NC2CC3CCCC(C2)N3CC(=O)Nc2ccccc2)c1.Cl,15656.8,inactive
CHEMBL404923,Oc1ccc2[nH]ccc2c1,50000.0,inactive
CHEMBL166209,O=C(O)c1ccc2c3c(ncnc13)-c1ccccc1C2=O,5224.6,intermediate
CHEMBL1480770,O=C(Cn1cnc2ccccc2c1=O)NCCC(=O)Nc1ccc2c(c1)OCCO2,50000.0,inactive
CHEMBL1492984,COC(=O)C1=C(C)N(c2cccc3ccccc23)C(=O)C1,50000.0,inactive
CHEMBL1605701,O=C(NC1(C(F)(F)F)Oc2ccc(Cl)cc2O1)N1CCC2(CC1)OCCO2,23359.5,inactive
CHEMBL3189821,COc1ccc(OC)c(/C=N/c2oc(-c3ccco3)c(-c3ccco3)c2C#N)c1,21106.2,inactive
CHEMBL1598040,CCn1nnc(NC(=O)COc2cc(C)ccc2C(C)C)n1,50000.0,inactive
CHEMBL1598223,CC1=CC(C#N)(C#N)C(C#N)(C#N)C(c2ccccc2)N1,7382.3,intermediate
CHEMBL490602,COc1ccc2c(c1-c1cc(NS(=O)(=O)c3cccc(N)c3)ccc1N)OCO2,50000.0,inactive
CHEMBL1502839,CCn1c(CSc2nnc3ccccn23)nc2cc(C(=O)O)ccc21,1114.3,intermediate
CHEMBL1322994,CCOC(=O)Cc1c[nH]c2ccc(N)cc12,50000.0,inactive
CHEMBL1453910,COc1ccc(-n2nc3c(c2NC(=O)c2ccc(Br)cc2)C[S+]([O-])C3)cc1,50000.0,inactive
CHEMBL1436635,CC(=O)CCCNc1c(OCc2ccccc2)ccc2c(C)cc(=O)oc12,50000.0,inactive
CHEMBL1559511,CCOc1ccc2ccccc2c1-c1cc(NS(=O)(=O)c2ccc(OC)c(OC)c2)ccc1N,50000.0,inactive
CHEMBL1363056,O=C(Nc1nc(-c2ccc3c(c2)OCO3)cs1)C1COc2ccccc2O1,50000.0,inactive
CHEMBL99932,Nc1cccc2cccnc12,50000.0,inactive
CHEMBL1610341,O=C(OC1CCc2ccccc2C1=O)c1ccccc1O,50000.0,inactive
CHEMBL1424680,CCOc1cc(N2CCOCC2)c(OCC)cc1NC1=NCCCCC1.Cl,13003.8,inactive
CHEMBL1627149,Nc1ccc(NS(=O)(=O)c2cccc([N+](=O)[O-])c2)cc1-c1ccccc1O,50000.0,inactive
CHEMBL1335945,Nc1nc2c(s1)CCc1c-2cnn1-c1ccccc1,11212.0,inactive
CHEMBL1463829,CCCCn1c(NC(=O)c2ccco2)c(C(=O)OCC)c2nc3ccccc3nc21,50000.0,inactive
CHEMBL1520982,CC(C)CN1C(=O)NC(NC(=O)c2ccco2)(C(F)(F)F)C1=O,50000.0,inactive
CHEMBL3207650,CN(c1ccccc1)c1ccc(/C=c2\s/c(=C(/C#N)C(=O)C(C)(C)C)n(Cc3ccco3)c2=O)cc1,13431.4,inactive
CHEMBL2001481,CN(C)c1ccc(/N=C/c2nc(-c3ccccc3)oc2O)cc1,27302.0,inactive
CHEMBL1385512,O=C(O)c1ccccc1C1=Nc2ccc(O)cc2Oc2cc(O)ccc21,13044.0,inactive
CHEMBL1515318,N#Cc1cc(S(=O)(=O)Nc2cc(O)cc3cccnc23)ccc1F,35664.48,inactive
CHEMBL1317471,COc1cc(NCCCC(C)=O)c2nccc(Cl)c2c1,50000.0,inactive
CHEMBL1503638,C=CCn1c(N)c(C(=O)OCC(C)C)c2nc3ccccc3nc21,50000.0,inactive
CHEMBL497,Oc1c(I)cc(Cl)c2cccnc12,50000.0,inactive
CHEMBL1200596,Oc1c(Cl)cc(Cl)c2cccnc12,50000.0,inactive
CHEMBL1581554,O=c1c(-c2ccc3c(c2)OCCO3)coc2c(CN3CCOCC3)c(O)ccc12,50000.0,inactive
CHEMBL1376197,Nc1cc(=O)nc(SCC(=O)c2ccc3c(c2)OCO3)[nH]1,50000.0,inactive
CHEMBL1464468,COc1ccc(NCc2cc3cc(OC)ccc3nc2O)cc1,50000.0,inactive
CHEMBL1494251,N#Cc1cc(S(=O)(=O)Nc2cc(OCc3ccccc3)cc3cccnc23)ccc1F,50000.0,inactive
CHEMBL1528757,Nc1cc(N)c(OCC(F)(F)F)cc1OCC(F)(F)F,34704.1,inactive
CHEMBL1521429,CCSc1nnc2c(n1)OC(c1ccc(C(=O)O)cc1)N(C(C)=O)c1ccccc1-2,50000.0,inactive
CHEMBL1436777,O=[N+]([O-])c1cc(O)cc2cccnc12,1560.0,intermediate
CHEMBL325916,Nc1ccc2[nH]ccc2c1,50000.0,inactive
CHEMBL1317679,Nc1cc2ccccc2c(O)c1O,1560.0,intermediate
CHEMBL1515444,CCOc1ccc2ccccc2c1-c1cc(NS(=O)(=O)c2cc(Cl)ccc2Cl)ccc1NC(=O)OC(C)(C)C,50000.0,inactive
CHEMBL1528924,Cc1occc1C(=O)NC(C)C(C)(C)C,50000.0,inactive
CHEMBL1332170,Cn1c(=O)c2c(nc(CN3CCc4ccccc4C3)n2CCCO)n(C)c1=O,50000.0,inactive
CHEMBL489971,COc1ccc(S(=O)(=O)Nc2ccc(O)c(-c3ccccc3O)c2)cc1OC,50000.0,inactive
CHEMBL1386623,Cc1noc(C(=O)Nc2ccc3c(c2)OCO3)c1Cl,22506.3,inactive
CHEMBL1336718,COc1ccc(C2=NO[C@@H]3C(=O)N(c4c(C)cccc4C)C(=O)[C@H]23)cc1OC,25367.6,inactive
CHEMBL1560816,CC(=O)Oc1cc2c(C(=O)NCCN3CCOCC3)c(C)oc2c2ccccc12,19699.4,inactive
CHEMBL1465135,Cc1cc(O)cc(O)c1-c1onc(C(F)(F)F)c1-c1cscn1,15451.5,inactive
CHEMBL1416417,O=C1NCCCC2c3cc(O)c4ccccc4c3OC12N1CCCCC1,5794.7,intermediate
CHEMBL1474167,COc1cc(NCCCC(C)N)c2nccc(Cl)c2c1,12500.0,inactive
CHEMBL358546,O=C(CSc1nnc(-c2ccccc2)[nH]1)c1ccc(O)c(O)c1,7723.9,intermediate
CHEMBL1306960,CCn1c(CSc2nnc(-c3cccnc3)n2-c2ccccc2C)nc2cc(C(=O)O)ccc21.Cl,679.5,active
CHEMBL521966,COc1ccc(S(=O)(=O)Nc2ccc(N)c(-c3ccccc3O)c2)cc1OC,50000.0,inactive
CHEMBL1306951,CC(=O)c1cccc(NC(=O)CSc2nnc(-c3ccc(S(=O)(=O)N4CCCC4)cc3)o2)c1,50000.0,inactive
CHEMBL1440,CN(C)[C@@H]1C(O)=C(C(N)=O)C(=O)[C@@]2(O)C(O)=C3C(=O)c4c(O)cccc4[C@@](C)(O)[C@H]3C[C@@H]12,22447.4,inactive
CHEMBL1317797,Nc1ccc(Cc2ccccc2)c(O)c1,50000.0,inactive
CHEMBL3210051,Nc1c(S(=O)(=O)c2cccc(Cl)c2)c2nc3ccccc3nc2n1/N=C/c1ccc(O)c(O)c1,50000.0,inactive
CHEMBL1387078,O=S(=O)(c1cccc(-c2nnco2)c1)N1CCCC1,50000.0,inactive
CHEMBL1495074,CCN(CC)CC(O)c1ccnc2c(O)cccc12,50000.0,inactive
CHEMBL1534307,CC(C)(C)OC(=O)Nc1cccc(NS(=O)(=O)c2cc(Cl)ccc2Cl)c1-c1ccccc1O,50000.0,inactive
CHEMBL1544329,CCn1cc(C(=O)NCc2ccccn2)c(=O)c2cc(S(=O)(=O)N3CCCCC3)ccc21,17411.1,inactive
CHEMBL310555,Oc1cccc2cccnc12,50000.0,inactive
CHEMBL1426787,Cc1cc(SCC(N)=O)nc(SCC(=O)c2ccccc2)n1,50000.0,inactive
CHEMBL1404609,Nc1ccc(NS(=O)(=O)c2ccccc2N)cc1-c1ccccc1O,50000.0,inactive
CHEMBL1583199,N#Cc1c(N2CCCC2)nc(N)c2c(N)nc(N3CCCC3)cc12,2410.8,intermediate
CHEMBL1483290,O=C(COc1ccccc1Cl)c1ccc(O)cc1O,50000.0,inactive
CHEMBL1505489,CCOC(=O)c1sc(NC(=O)CSc2nnc(-c3ccc(OC)cc3)n2CCOC)nc1C,50000.0,inactive
CHEMBL1337744,CCOc1ccc(S(=O)(=O)Nc2ccc3c(c2)OCO3)c2cccnc12,16005.3,inactive
CHEMBL1515699,Nc1cccc(S(=O)(=O)Nc2ccc(N)c(-c3ccccc3O)c2)c1,50000.0,inactive
CHEMBL1307875,O=S(=O)(Cc1ccc(Cl)cc1)Nc1ccc2c(c1)OCO2,50000.0,inactive
CHEMBL145,O=C(O)/C=C/c1ccc(O)c(O)c1,50000.0,inactive
CHEMBL489970,Cc1ccc(S(=O)(=O)Nc2ccc(O)c(-c3ccccc3O)c2)cc1,50000.0,inactive
CHEMBL1337685,COC(=O)c1ccc2c(c1)SC1=C(O)CCCC1=N2,10892.1,inactive
CHEMBL1627148,Nc1ccc(NS(=O)(=O)c2ccccc2[N+](=O)[O-])cc1-c1ccccc1O,50000.0,inactive
CHEMBL1573700,CCOC(=O)NC1(NCc2ccccc2)Oc2ccccc2O1,33419.5,inactive
CHEMBL932,OCCN(CCO)c1nc(N2CCCCC2)c2nc(N(CCO)CCO)nc(N3CCCCC3)c2n1,21068.2,inactive
CHEMBL449298,Nc1ccc(O)c2ncccc12,27605.74,inactive
CHEMBL1355948,COC(=O)c1cc(=O)[nH]c2ccc(C)cc12,50000.0,inactive
CHEMBL1186908,CCN(CC)CCCCCNc1cc(O)cc2cccnc12,6250.0,intermediate
CHEMBL1317901,Nc1cc(Br)cc2cccnc12,50000.0,inactive
CHEMBL1370010,Cc1cc(=O)oc2c(N)c(O)ccc12,50000.0,inactive
CHEMBL1529560,NNc1ccc2c(Cl)cc(Cl)c(O)c2n1,50000.0,inactive
CHEMBL491499,C[C@H]1CCCC(=O)CCCCCc2cc(O)cc(O)c2C(=O)O1,2197.6,intermediate
CHEMBL1467240,CCSCCOC(=O)C1=C(C)NC(=O)NC1c1ccccc1,50000.0,inactive
CHEMBL1368984,CC1(C)CC(=O)c2c(O)cc(O)cc2O1,50000.0,inactive
CHEMBL578512,Cn1ncnc2c(=O)n(C)c(=O)nc1-2,238.1,active
CHEMBL3192605,Oc1ccc(/C=N/c2ccc3ncccc3c2)c(O)c1,50000.0,inactive
CHEMBL1378621,CCOC(=O)N1CCC(NC(=O)CSCc2nc(-c3sccc3C)oc2C)CC1,50000.0,inactive
CHEMBL1506862,COc1ccc(S(=O)(=O)N(C)CC(=O)N2CCC(C(N)=O)CC2)cc1Cl,50000.0,inactive
CHEMBL491808,Cc1ccc(S(=O)(=O)Nc2ccc(N)c(-c3ccccc3O)c2)cc1,50000.0,inactive
CHEMBL1474345,COc1cc(NCC(O)CN(CC(C)C)CC(C)C)c2nc(C)ccc2c1,50000.0,inactive
CHEMBL1326304,Cc1ccc(C(=O)O)cc1S(=O)(=O)NCC1CCCO1,50000.0,inactive
CHEMBL1353231,O=C1c2ccccc2C(=O)N1Cc1ccc2c(c1)OCO2,50000.0,inactive
CHEMBL1467677,O=S(=O)(NC1CCc2ccccc21)c1ccc(S(=O)(=O)N2CCCC2)cc1,50000.0,inactive
CHEMBL1593720,COc1cc(NCCCC(C)=NO)c2nccc(OCc3ccccc3)c2c1,50000.0,inactive
CHEMBL1601490,O=C(NCc1cccnc1)C1c2ccccc2C(=O)N1Cc1ccco1,50000.0,inactive
CHEMBL1378746,Cc1cccc(NC(=O)Cn2nnc(-c3cccs3)n2)c1C,50000.0,inactive
CHEMBL1318208,COc1cc(NCCCC(C)=O)c2nccc(OCc3ccccc3)c2c1,50000.0,inactive
CHEMBL1396145,Nc1cccc2cc(O)ccc12,50000.0,inactive
CHEMBL1530090,O=C(NCCN1CCOCC1)NC1(C(F)(F)F)Oc2ccc(Cl)cc2O1,50000.0,inactive
CHEMBL1358332,O=C1C(=C2Nc3ccccc3S2)C(=O)c2ccccc21,50000.0,inactive
CHEMBL1366600,CCOC(=O)c1c(C)[nH]c2ccc(O)cc12,50000.0,inactive
CHEMBL1468038,CC(=O)CCc1c(C)nc2ccccc2c1O,50000.0,inactive
CHEMBL521938,Nc1ccc(NS(=O)(=O)c2cc(Cl)ccc2Cl)cc1-c1ccccc1O,50000.0,inactive
CHEMBL1563133,CCCC(C)C(=O)Nc1cc(OC)ccc1OC,50000.0,inactive
CHEMBL1350054,CCOC(=O)c1oc2c(O)c(O)ccc2c(=O)c1-c1nncn1-c1ccccc1,24075.5,inactive
CHEMBL1406512,O=S(=O)(Nc1cc(OCc2ccccc2)cc2cccnc12)c1ccc(F)cc1,50000.0,inactive
CHEMBL1350227,CC(=O)Nc1cnc2ccccc2n1,47232.8,inactive
CHEMBL1601990,CCOc1ccc(NCC(=O)Nc2ccc(C)cc2C)cc1,7855.4,intermediate
CHEMBL1398211,Cc1ccc(S(=O)(=O)Nc2cc(O)cc3cccnc23)cc1,50000.0,inactive
CHEMBL1524365,CC(=O)Oc1cc2c(C(=O)NCCCN3CCOCC3)c(C)oc2c2ccccc12,4652.2,intermediate
CHEMBL1551110,CCc1cc(C(=O)Cc2cscn2)c(O)cc1O,50000.0,inactive
CHEMBL1396038,CCOc1ccc2ccccc2c1-c1cc(NS(=O)(=O)c2ccc(C)cc2)ccc1N,50000.0,inactive
CHEMBL1451927,O=C(c1cc(-c2ccncc2)nc2ccc(Br)cc12)N1CCN(c2ccccn2)CC1,50000.0,inactive
CHEMBL1601286,Cn1c(=O)c2c(nc(NCc3ccc4c(c3)OCO4)n2C)n(C)c1=O,50000.0,inactive
CHEMBL1485365,Nc1ccc(CSc2ccc(Cl)cc2)c(O)c1,50000.0,inactive
CHEMBL1391290,C=CCNC(=O)CN(c1cccc(Br)c1)S(C)(=O)=O,50000.0,inactive
CHEMBL1593830,COc1ccc(C(=O)c2c(C)n(C)c(=O)n(C)c2=O)cc1,50000.0,inactive
CHEMBL1586936,CCOC(=O)C1=C(C)OC(N)=C(C(=O)OCC)C1c1cccnc1,50000.0,inactive
CHEMBL1437465,Cc1nc(SCC(=O)c2ccc(O)cc2O)n[nH]1,50000.0,inactive
CHEMBL489566,O=[N+]([O-])c1cccc(S(=O)(=O)Nc2ccc(O)c(-c3ccccc3O)c2)c1,50000.0,inactive
CHEMBL555689,CCn1nc(-c2cccs2)nc2c(=O)n(C)c(=O)nc1-2,5000.0,intermediate
CHEMBL1446221,N#CCSc1n[nH]c2nc(=O)cc(N)n12,50000.0,inactive
CHEMBL1712181,CN(C)/C=N/c1c(Br)cc(Br)c2nonc12,50000.0,inactive
CHEMBL1602711,CC(C)OC(=O)CSc1nc2ccccc2s1,50000.0,inactive
CHEMBL1509760,Cc1ccc(NC(=O)CC2SCCNC2=O)cc1Cl,50000.0,inactive
CHEMBL1551196,Cc1cc(=O)oc2c(N)c(OCc3ccccc3)ccc12,50000.0,inactive
CHEMBL1564253,O=c1oc2c3c4c(cc2s1)CCCN4CCC3,50000.0,inactive
CHEMBL1470602,Cc1ccc(S(=O)(=O)C(CCC(=O)N2CCOCC2)S(=O)(=O)c2ccc(C)cc2)cc1,50000.0,inactive
CHEMBL1526405,COc1ccc2c3c(cccc13)NN=C2C,8363.1,intermediate
CHEMBL1394289,Cc1nnc(NC(=O)CSc2nc(N)cc(N)n2)s1,50000.0,inactive
CHEMBL1564386,c1ccc2sc(SCc3ccc(-c4nnco4)cc3)nc2c1,50000.0,inactive
CHEMBL1514322,CCc1cc(C(=O)Cn2cnc3ccccc32)c(O)cc1O,50000.0,inactive
CHEMBL1603087,Cc1[nH]c2c(N)cccc2c1C,50000.0,inactive
CHEMBL1588197,OCCCc1nc2n(n1)C(c1ccccc1)C=C(c1ccccc1)N2,50000.0,inactive
CHEMBL1407717,COc1cc(N)c2nccc(Cl)c2c1,50000.0,inactive
CHEMBL1392663,O=C1c2ccccc2C(Nc2ccc3c(c2)OCO3)N1Cc1ccc2c(c1)OCO2,50000.0,inactive
CHEMBL1510784,O=C(NCCCn1ccnc1)c1noc2c1CCc1ccccc1-2,13544.9,inactive
CHEMBL41286,CC(=O)Oc1cccc2c1C(=O)c1c(OC(C)=O)cc(C(=O)O)cc1C2=O,9234.0,intermediate
CHEMBL1594124,O=C1C(=C2C=Cc3ccccc3N2)C(=O)c2ccccc21,50000.0,inactive
CHEMBL1398487,COc1cc(N)c2nccc(OCc3ccccc3)c2c1,50000.0,inactive
CHEMBL1473002,Nc1ccc(NS(=O)(=O)c2ccccc2)c(O)c1,50000.0,inactive
CHEMBL1531620,CC(C)c1cc(Nc2cccc(O)c2)cc(C(C)C)c1O,27213.2,inactive
CHEMBL1356549,COc1ccc(C2CC(c3ccccc3O)=NN2)cc1OC,50000.0,inactive
CHEMBL522110,COc1ccc2c(c1-c1cc(NS(=O)(=O)c3cccc([N+](=O)[O-])c3)ccc1N)OCO2,50000.0,inactive
CHEMBL1550356,O=C(c1sc2ccccc2c1Cl)N(Cc1ccco1)C1CCS(=O)(=O)C1,50000.0,inactive
CHEMBL1393480,COc1ccccc1-c1nnc2n1N=C(c1ccc(O)c(O)c1)CS2,10672.1,inactive
CHEMBL1396499,Oc1cc(O)c2ncccc2c1,50000.0,inactive
CHEMBL1594047,Nc1cc(Cl)cc2cccnc12,50000.0,inactive
CHEMBL52,CC(Cc1ccc(O)c(O)c1)C(C)Cc1ccc(O)c(O)c1,2623.2,intermediate
CHEMBL1970662,O=C1C(c2cnc3ccccc3n2)=C(O)c2ccccc21,20000.0,inactive
CHEMBL1472193,Cc1ccc(S(=O)(=O)Nc2ccc3oc(=O)sc3c2)c(C)c1,45748.6,inactive
CHEMBL1570737,COc1ccc(OC)c(-n2c(C)nc3cc(C(=O)O)ccc32)c1,29790.0,inactive
CHEMBL216973,Nc1cccc2cnccc12,50000.0,inactive
CHEMBL1313900,Cc1c(-c2nn(C)c(=O)c3ccccc23)oc2ccc(F)cc2c1=O,2462.0,intermediate
CHEMBL1589657,Cn1cnnc1SCC(=O)c1ccc2c(c1)CCCC2,50000.0,inactive
CHEMBL1563,COc1cccc2c1C(=O)c1c(O)c3c(c(O)c1C2=O)C[C@@](O)(C(C)=O)C[C@@H]3O[C@H]1C[C@H](N)[C@H](O)[C@H](C)O1.Cl,173.6,active
CHEMBL1575084,CCn1c(CSc2nccn2C)nc2cc(C(=O)O)ccc21,13377.1,inactive
CHEMBL1536235,COc1ccc(N2C(=O)CSC23C(=O)N2CCCc4cccc3c42)cc1,50000.0,inactive
CHEMBL3190629,Oc1ccc2ccccc2c1/C=N\C12CN3CCN(CN(C3)C1)C2,6407.9,intermediate
CHEMBL174025,O=C1C(c2c(O)[nH]c3ccc([N+](=O)[O-])cc23)=Nc2ccccc21,1560.0,intermediate
CHEMBL1408033,CCc1ccc(CNc2ccc(N3CCN(C(C)=O)CC3)cc2)cc1,38014.5,inactive
CHEMBL1437896,COc1cc(NS(=O)(=O)c2ccc(F)c(C#N)c2)c2ncccc2c1,50000.0,inactive
CHEMBL1437912,O=c1cc(NCCCO)c2ccccc2o1,50000.0,inactive
CHEMBL1418832,N#Cc1ccc(CSc2nnc(Nc3ccccc3)s2)cc1,50000.0,inactive
CHEMBL1627146,O=[N+]([O-])c1ccc(S(=O)(=O)Nc2cc(OCc3ccccc3)cc3cccnc23)cc1F,50000.0,inactive
CHEMBL1438081,CCOc1ccc(S(=O)(=O)Nc2cc(Sc3nc[nH]n3)c3oc(=O)sc3c2)cc1,32315.5,inactive
CHEMBL418068,O=C(O)c1cc(O)c2c(c1)C(=O)c1cccc(O)c1C2=O,3339.3,intermediate
CHEMBL1339642,CC(OC(=O)c1cccs1)C(=O)NCc1cccs1,50000.0,inactive
CHEMBL1093246,Oc1ccc(/N=C/c2ccc(O)c(O)c2)cc1,20606.1,inactive
CHEMBL1379677,O=C1c2ccccc2-c2onc3ccc(NCCCn4ccnc4)c1c23,280.1,active
CHEMBL1555938,CCCCn1c(NC(=O)c2ccccc2)c(C#N)c2nc3ccccc3nc21,27118.7,inactive
CHEMBL359744,COc1cccc2c1C(=O)c1c(O)c3c(c(O)c1C2=O)C[C@@](O)(C(=O)CO)C[C@@H]3O[C@H]1C[C@H](N)[C@H](O)[C@H](C)O1.Cl,266.0,active
CHEMBL1516834,Cc1ccccc1Nc1cc2ccccc2c(O)n1,33841.4,inactive
CHEMBL1594620,N#Cc1c(-c2ccco2)[nH]c(=O)[nH]c1=O,50000.0,inactive
CHEMBL1409586,COc1ccc(N2CSC3=C(C#N)C(c4ccc(OC)c(OC)c4)CC(=O)N3C2)c(OC)c1,50000.0,inactive
CHEMBL1359487,CCc1nc(SCC(=O)c2ccc(O)cc2O)n[nH]1,50000.0,inactive
CHEMBL490596,COc1ccc2c(c1-c1cc(NS(=O)(=O)c3cc(Cl)ccc3Cl)ccc1N)OCO2,50000.0,inactive
CHEMBL1438567,Cc1ccc(CNc2ccc(O)cc2)cc1,40993.3,inactive
CHEMBL1477720,CCCCCC(=O)N1CC2(C)CN(C(=O)CCCCC)CC(C)(C1)C2=O,50000.0,inactive
CHEMBL1357064,COc1cc(NC(C)CCCNC(C)C)c2ncccc2c1OC.O=C(O)C(=O)O,50000.0,inactive
CHEMBL1759,COc1cc(N)c2ncccc2c1,50000.0,inactive
CHEMBL506,COc1cc(NC(C)CCCN)c2ncccc2c1,50000.0,inactive
CHEMBL1435236,COc1cc(NS(=O)(=O)c2ccc([N+](=O)[O-])cc2[N+](=O)[O-])c2ncccc2c1,50000.0,inactive
CHEMBL1396244,COc1cc(NCCCN(CC(C)C)CC(C)C)c2ncccc2c1Cl,50000.0,inactive
CHEMBL1590250,Nc1cc(O)cc2cccnc12,625.0,active
CHEMBL1236713,COc1ccccc1-c1cc(Cl)nc(N)n1,50000.0,inactive
CHEMBL1774833,COc1cccc(Cl)c1-c1cc(C)nc(N)n1,10000.0,inactive
CHEMBL1738804,Cc1cc(-c2c(Cl)cccc2OCCCC(F)(F)F)nc(N)n1,7300.0,intermediate
CHEMBL1774835,Cc1cc(-c2c(Cl)cc(Cl)cc2OCCCC(F)(F)F)nc(N)n1,1900.0,intermediate
CHEMBL1774905,CCNC(=O)N1Cc2nc(N)nc(-c3c(Cl)cc(Cl)cc3OCCCC(F)(F)F)c2C1,950.0,active
CHEMBL1774906,N#CCCNC(=O)N1Cc2nc(N)nc(-c3c(Cl)cc(Cl)cc3OCCCC(F)(F)F)c2C1,1800.0,intermediate
CHEMBL1774907,CC(C)NC(=O)N1Cc2nc(N)nc(-c3c(Cl)cc(Cl)cc3OCCCC(F)(F)F)c2C1,840.0,active
CHEMBL1774908,Nc1nc2c(c(-c3c(Cl)cc(Cl)cc3OCCCC(F)(F)F)n1)CN(C(=O)NC1CC1)C2,1700.0,intermediate
CHEMBL1738803,Nc1nc2c(c(-c3c(Cl)cc(Cl)cc3OCCCC(F)(F)F)n1)CN(C(=O)NC1CCC1)C2,180.0,active
CHEMBL1774909,CCCOc1cc(Cl)cc(Cl)c1-c1nc(N)nc2c1CN(C(=O)NC1CCC1)C2,5300.0,intermediate
CHEMBL1774910,Nc1nc2c(c(-c3c(Cl)cc(Cl)cc3OCCc3ccccc3)n1)CN(C(=O)NC1CCC1)C2,570.0,active
CHEMBL1774911,Nc1nc2c(c(-c3c(Cl)cc(Cl)cc3OCCc3ccccn3)n1)CN(C(=O)NC1CCC1)C2,8000.0,intermediate
CHEMBL1774912,N#CCCCOc1cc(Cl)cc(Cl)c1-c1nc(N)nc2c1CN(C(=O)NC1CCC1)C2,1650.0,intermediate
CHEMBL1774913,CC(C)(C#N)CCOc1cc(Cl)cc(Cl)c1-c1nc(N)nc2c1CN(C(=O)NC1CCC1)C2,1900.0,intermediate
CHEMBL1774914,Nc1nc2c(c(-c3c(Cl)cc(Cl)cc3OCCCO)n1)CN(C(=O)NC1CCC1)C2,13000.0,inactive
CHEMBL1774915,COCCOc1cc(Cl)cc(Cl)c1-c1nc(N)nc2c1CN(C(=O)NC1CCC1)C2,2000.0,intermediate
CHEMBL1774916,Nc1nc2c(c(-c3c(Cl)cc(Cl)cc3OCCN3CC(F)(F)C3)n1)CN(C(=O)NC1CCC1)C2,440.0,active
CHEMBL1774918,Nc1nc2c(c(-c3c(Cl)cc(Cl)cc3OCCn3cccn3)n1)CN(C(=O)NC1CCC1)C2,150.0,active
CHEMBL1774919,NC(=O)N1Cc2nc(N)nc(-c3c(Cl)cc(Cl)cc3OCCn3cccn3)c2C1,4300.0,intermediate
CHEMBL1774920,CNC(=O)N1Cc2nc(N)nc(-c3c(Cl)cc(Cl)cc3OCCn3cccn3)c2C1,540.0,active
CHEMBL1774921,CCNC(=O)N1Cc2nc(N)nc(-c3c(Cl)cc(Cl)cc3OCCn3cccn3)c2C1,490.0,active
CHEMBL1774922,Nc1nc2c(c(-c3c(Cl)cc(Cl)cc3OCCn3cccn3)n1)CN(C(=O)NC1CC1)C2,150.0,active
CHEMBL1774923,Nc1nc2c(c(-c3c(Cl)cc(Cl)cc3OCCn3cccn3)n1)CN(C(=O)NC1CC(F)(F)C1)C2,200.0,active
CHEMBL1774924,Nc1nc2c(c(-c3c(Cl)cc(Cl)cc3OCCn3cccn3)n1)CN(C(=O)NC13CC(C1)C3)C2,75.0,active
CHEMBL1774925,Nc1nc2c(c(-c3c(Cl)cc(Cl)cc3OCCn3cccn3)n1)CN(C(=O)NCC(F)F)C2,91.0,active
CHEMBL1774926,Nc1nc2c(c(-c3c(Cl)cc(Cl)cc3OCCn3cccn3)n1)CN(C(=O)NCC(F)(F)F)C2,120.0,active
CHEMBL1738805,CC(F)(F)CNC(=O)N1Cc2nc(N)nc(-c3c(Cl)cc(Cl)cc3OCCn3cccn3)c2C1,180.0,active
CHEMBL1774927,Cc1cnn(CCOc2cc(Cl)cc(Cl)c2-c2nc(N)nc3c2CN(C(=O)NC24CC(C2)C4)C3)c1,720.0,active
CHEMBL1774928,Nc1nc2c(c(-c3c(Cl)cc(Cl)cc3OCCn3cc(Cl)cn3)n1)CN(C(=O)NC13CC(C1)C3)C2,40.0,active
CHEMBL1774929,Nc1nc2c(c(-c3c(Cl)cc(Cl)cc3OCCn3cc(F)cn3)n1)CN(C(=O)NC13CC(C1)C3)C2,20.0,active
CHEMBL1774930,Nc1nc2c(c(-c3c(Cl)cc(Cl)cc3OCCn3cc(F)cn3)n1)CN(C(=O)NCC(F)(F)F)C2,45.0,active
CHEMBL1774931,Cc1cc(Cl)cc(OCCn2cc(F)cn2)c1-c1nc(N)nc2c1CN(C(=O)NCC(F)(F)F)C2,37.0,active
CHEMBL1774932,CC(F)(F)CNC(=O)N1Cc2nc(N)nc(-c3c(Cl)cc(Cl)cc3OCCn3cc(F)cn3)c2C1,33.0,active
CHEMBL1774933,Cc1cc(Cl)cc(OCCn2cc(F)cn2)c1-c1nc(N)nc2c1CN(C(=O)NCC(C)(F)F)C2,36.0,active
CHEMBL1738703,Cc1c2c(n3c1CCCNC[C@H](C)Nc1cc-3ccc1C(N)=O)CC(C)(C)CC2=O,116.0,active
CHEMBL1760614,CC(=O)N1CCc2c(C)c3c(n2-c2ccc(C(N)=O)c(c2)N[C@@H](C)CC1)CC(C)(C)CC3=O,108.0,active
CHEMBL1778190,Cc1c2c(n3c1CCCN[C@H](C)CNc1cc-3ccc1C(N)=O)CC(C)(C)CC2=O,47.0,active
CHEMBL1778191,Cc1c2c(n3c1CCN(C(=O)CN)CC[C@H](C)Nc1cc-3ccc1C(N)=O)CC(C)(C)CC2=O,917.0,active
CHEMBL1778192,Cc1c2c(n3c1CCN(C(=O)CCN)CC[C@H](C)Nc1cc-3ccc1C(N)=O)CC(C)(C)CC2=O,6183.0,intermediate
CHEMBL1778193,Cc1c2c(n3c1CCN(C(=O)[C@@H](C)N)CC[C@H](C)Nc1cc-3ccc1C(N)=O)CC(C)(C)CC2=O,488.0,active
CHEMBL1778194,Cc1c2c(n3c1CCN(C(=O)[C@H](C)N)CC[C@H](C)Nc1cc-3ccc1C(N)=O)CC(C)(C)CC2=O,238.0,active
CHEMBL1778195,CC(=O)NCC(=O)N1CCc2c(C)c3c(n2-c2ccc(C(N)=O)c(c2)N[C@@H](C)CC1)CC(C)(C)CC3=O,674.0,active
CHEMBL1778196,Cc1c2c(n3c1CCN(C(=O)CN(C)C)CC[C@H](C)Nc1cc-3ccc1C(N)=O)CC(C)(C)CC2=O,109.0,active
CHEMBL1778197,CC(=O)N1CCCc2c(C)c3c(n2-c2ccc(C(N)=O)c(c2)N[C@@H](C)C1)CC(C)(C)CC3=O,111.0,active
CHEMBL1778198,CC(=O)N1CCCc2c(C)c3c(n2-c2ccc(C(N)=O)c(c2)NC[C@H]1C)CC(C)(C)CC3=O,1159.0,intermediate
CHEMBL1778199,Cc1c2c(n3c1CCCN(C(=O)CN(C)C)[C@H](C)CNc1cc-3ccc1C(N)=O)CC(C)(C)CC2=O,5000.0,intermediate
CHEMBL1778200,Cc1c2c(n3c1CCCN(C(=O)[C@@H](C)N)[C@H](C)CNc1cc-3ccc1C(N)=O)CC(C)(C)CC2=O,5000.0,intermediate
CHEMBL1778202,Cc1c2c(n3c1CC(=O)NCC[C@H](C)Nc1cc-3ccc1C(N)=O)CC(C)(C)CC2=O,522.0,active
CHEMBL1778203,Cc1c2c(n3c1CC(=O)N(C)CC[C@H](C)Nc1cc-3ccc1C(N)=O)CC(C)(C)CC2=O,160.0,active
CHEMBL1778204,Cc1c2c(n3c1CC(=O)N(C(C)C)CC[C@H](C)Nc1cc-3ccc1C(N)=O)CC(C)(C)CC2=O,278.0,active
CHEMBL1778205,COCCN1CC[C@H](C)Nc2cc(ccc2C(N)=O)-n2c(c(C)c3c2CC(C)(C)CC3=O)CC1=O,108.0,active
CHEMBL1778206,Cc1c2c(n3c1CC(=O)N(CCN(C)C)CC[C@H](C)Nc1cc-3ccc1C(N)=O)CC(C)(C)CC2=O,249.0,active
CHEMBL1778207,CC(=O)NCCN1CC[C@H](C)Nc2cc(ccc2C(N)=O)-n2c(c(C)c3c2CC(C)(C)CC3=O)CC1=O,5000.0,intermediate
CHEMBL1778208,Cc1c2c(n3c1CCCNC(=O)[C@H](C)Nc1cc-3ccc1C(N)=O)CC(C)(C)CC2=O,79.0,active
CHEMBL1778209,Cc1c2c(n3c1CCCNC(=O)[C@@H](C)Nc1cc-3ccc1C(N)=O)CC(C)(C)CC2=O,123.0,active
CHEMBL1738704,Cc1c2c(n3c1CCCN(C)C(=O)[C@H](C)Nc1cc-3ccc1C(N)=O)CC(C)(C)CC2=O,60.0,active
CHEMBL1778210,Cc1c2c(n3c1CCCN(CCN)C(=O)[C@H](C)Nc1cc-3ccc1C(N)=O)CC(C)(C)CC2=O,20000.0,inactive
CHEMBL1778211,CC(=O)NCCN1CCCc2c(C)c3c(n2-c2ccc(C(N)=O)c(c2)N[C@@H](C)C1=O)CC(C)(C)CC3=O,15771.0,inactive
CHEMBL1778212,Cc1c2c(n3c1CCCNC(=O)C[C@H](C)Nc1cc-3ccc1C(N)=O)CC(C)(C)CC2=O,1842.0,intermediate
CHEMBL1779582,Cc1cc(-c2ccccc2)nc(N)n1,10000.0,inactive
CHEMBL1774832,COc1ccccc1-c1cc(C)nc(N)n1,10000.0,inactive
CHEMBL1779580,CC(C)(C)OC(=O)n1cccc1-c1cc(Cl)nc(N)n1,45000.0,inactive
CHEMBL1779583,COc1cc(Cl)ccc1-c1cc(C)nc(N)n1,27000.0,inactive
CHEMBL1779584,Cc1cc(-c2ccc(Cl)cc2Cl)nc(N)n1,10500.0,inactive
CHEMBL1738736,COc1cc(-c2cc(C)nc(N)n2)c(Cl)cc1Cl,10000.0,inactive
CHEMBL1779589,COc1cc(-c2nc(C)nc3[nH]cc(Cl)c23)c(Cl)cc1Cl,2000.0,intermediate
CHEMBL1738737,COc1cc(-c2nc(C)nc3[nH]cc(C#N)c23)c(Cl)cc1Cl,1000.0,active
CHEMBL1738738,COc1cc(-c2nc(C)nc3[nH]c(C)c(C#N)c23)c(Cl)cc1Cl,700.0,active
CHEMBL1779734,CCc1[nH]c2nc(C)nc(-c3cc(OC)c(Cl)cc3Cl)c2c1C#N,500.0,active
CHEMBL2170446,Nc1ncnc2c1nc(Sc1cc3c(cc1Br)OCO3)n2CCc1ccccc1Cl,50.0,active
CHEMBL2170447,Nc1ncnc2c1nc(Sc1cc3c(cc1Br)OCO3)n2CCc1ccccc1Br,50.0,active
CHEMBL2170448,Nc1ncnc2c1nc(Sc1cc3c(cc1Br)OCO3)n2CCc1ccccc1F,50.0,active
CHEMBL2170470,C[C@H](O)C(=O)N1CCC(CCn2c(Sc3cc4c(cc3Br)OCO4)nc3c(N)ncnc32)CC1,100.0,active
CHEMBL2170451,Nc1ncnc2c1nc(Sc1cc3c(cc1Br)OCO3)n2CCC1CCC(F)(F)CC1,1000.0,active
CHEMBL2170452,Nc1ncnc2c1nc(Sc1cc3c(cc1Br)OCO3)n2CCC1CCOCC1,90.0,active
CHEMBL2170453,Nc1ncnc2c1nc(Sc1cc3c(cc1Br)OCO3)n2CC[C@H]1CCCCN1C=O,190.0,active
CHEMBL2170454,Nc1ncnc2c1nc(Sc1cc3c(cc1Br)OCO3)n2CC[C@@H]1CCCCN1C=O,180.0,active
CHEMBL2170455,Nc1ncnc2c1nc(Sc1cc3c(cc1Br)OCO3)n2CCC(N)C1CC1,80.0,active
CHEMBL2170495,N#Cc1cc2c(cc1Sc1nc3c(N)ncnc3n1CCC1CCN(C=O)CC1)OCO2,250.0,active
CHEMBL2170494,C[C@H](O)C(=O)N1CCC(CCn2c(Sc3cc4c(cc3Cl)OCO4)nc3c(N)ncnc32)CC1,540.0,active
CHEMBL2170493,Nc1ncnc2c1nc(Sc1cc3c(cc1Cl)OCO3)n2CCC1CCN(C=O)CC1,92.0,active
CHEMBL2170491,Nc1ncnc2c1nc(Sc1cc3c(cc1Br)C(=O)CC3)n2CCC1CCN(C=O)CC1,60.0,active
CHEMBL2170490,CN1CCOc2cc(Br)c(Sc3nc4c(N)ncnc4n3CCC3CCN(C=O)CC3)cc21,210.0,active
CHEMBL2170489,CN1CCOc2cc(Sc3nc4c(N)ncnc4n3CCC3CCN(C=O)CC3)c(Br)cc21,32.0,active
CHEMBL2170488,C[C@@H](O)C(=O)N1CCC(CCn2c(Sc3cc4c(cc3Br)OCCO4)nc3c(N)ncnc32)CC1,69.0,active
CHEMBL2170487,C[C@H](O)C(=O)N1CCC(CCn2c(Sc3cc4c(cc3Br)OCCO4)nc3c(N)ncnc32)CC1,74.0,active
CHEMBL2170486,Nc1ncnc2c1nc(Sc1cc3c(cc1Br)OCCO3)n2CCC1CCN(C(=O)CO)CC1,40.0,active
CHEMBL2170485,Nc1ncnc2c1nc(Sc1cc3c(cc1Br)OCCO3)n2CCC1CCN(C=O)CC1,49.0,active
CHEMBL2170483,Nc1ncnc2c1nc(Sc1cc3ccoc3cc1Br)n2CCC1CCN(C=O)CC1,660.0,active
CHEMBL2170482,Nc1ncnc2c1nc(Sc1cc3occc3cc1Br)n2CCC1CCN(C=O)CC1,48.0,active
CHEMBL2170481,Nc1ncnc2c1nc(Sc1cc3c(cc1Br)OCC3)n2CCC1CCN(C=O)CC1,280.0,active
CHEMBL2170480,C[C@H](O)C(=O)N1CCC(CCn2c(Sc3cc4c(cc3Br)CCO4)nc3c(N)ncnc32)CC1,28.0,active
CHEMBL2170479,Nc1ncnc2c1nc(Sc1cc3c(cc1Br)CCO3)n2CCC1CCN(C=O)CC1,10.0,active
CHEMBL2170478,Nc1ncnc2c1nc(Sc1cc3c(cc1Br)OCO3)n2CCC1CCN(C(=O)[C@@H]2CCCN2)CC1,190.0,active
CHEMBL2170477,CN(C)CC(=O)N1CCC(CCn2c(Sc3cc4c(cc3Br)OCO4)nc3c(N)ncnc32)CC1,80.0,active
CHEMBL2170476,CC(C)(N)C(=O)N1CCC(CCn2c(Sc3cc4c(cc3Br)OCO4)nc3c(N)ncnc32)CC1,960.0,active
CHEMBL2170475,CC(C)C[C@H](N)C(=O)N1CCC(CCn2c(Sc3cc4c(cc3Br)OCO4)nc3c(N)ncnc32)CC1,110.0,active
CHEMBL2170474,C[C@H](N)C(=O)N1CCC(CCn2c(Sc3cc4c(cc3Br)OCO4)nc3c(N)ncnc32)CC1,200.0,active
CHEMBL2170473,CC(=O)C(=O)N1CCC(CCn2c(Sc3cc4c(cc3Br)OCO4)nc3c(N)ncnc32)CC1,34.0,active
CHEMBL2170471,C[C@@H](O)C(=O)N1CCC(CCn2c(Sc3cc4c(cc3Br)OCO4)nc3c(N)ncnc32)CC1,90.0,active
CHEMBL2170469,Nc1ncnc2c1nc(Sc1cc3c(cc1Br)OCO3)n2CCC1CCN(C(=O)CO)CC1,60.0,active
CHEMBL2170468,Nc1ncnc2c1nc(Sc1cc3c(cc1Br)OCO3)n2CCC1CCN(C(=O)C2CCCC2)CC1,250.0,active
CHEMBL2170467,Nc1ncnc2c1nc(Sc1cc3c(cc1Br)OCO3)n2CCC1CCN(C(=O)C2CC2)CC1,110.0,active
CHEMBL2170465,CC(=O)N1CCC(CCn2c(Sc3cc4c(cc3Br)OCO4)nc3c(N)ncnc32)CC1,90.0,active
CHEMBL2170463,Cn1nnnc1N1CCC(CCn2c(Sc3cc4c(cc3Br)OCO4)nc3c(N)ncnc32)CC1,31.0,active
CHEMBL2170462,C#CCN1CCC(CCn2c(Sc3cc4c(cc3Br)OCO4)nc3c(N)ncnc32)CC1,100.0,active
CHEMBL2170461,Nc1ncnc2c1nc(Sc1cc3c(cc1Br)OCO3)n2CCC1CCN(CC2CCCCC2)CC1,250.0,active
CHEMBL2170459,CC(C)CN1CCC(CCn2c(Sc3cc4c(cc3Br)OCO4)nc3c(N)ncnc32)CC1,110.0,active
CHEMBL2170458,CC(C)N1CCC(CCn2c(Sc3cc4c(cc3Br)OCO4)nc3c(N)ncnc32)CC1,320.0,active
CHEMBL2170457,Nc1ncnc2c1nc(Sc1cc3c(cc1Br)OCO3)n2CCC1CCNCC1,950.0,active
CHEMBL2170456,Nc1ncnc2c1nc(Sc1cc3c(cc1Br)OCO3)n2CCC1CCN(C=O)CC1,70.0,active
CHEMBL2170492,Nc1ncnc2c1nc(Sc1cc3c(cc1Br)OC(F)(F)O3)n2CCC1CCN(C=O)CC1,5000.0,intermediate
CHEMBL2170484,Nc1ncnc2c1nc(Sc1cc3c(cc1Br)CCC3)n2CCC1CCN(C=O)CC1,20.0,active
CHEMBL2170472,CC(C)(O)C(=O)N1CCC(CCn2c(Sc3cc4c(cc3Br)OCO4)nc3c(N)ncnc32)CC1,5000.0,intermediate
CHEMBL2170466,CCCC(=O)N1CCC(CCn2c(Sc3cc4c(cc3Br)OCO4)nc3c(N)ncnc32)CC1,300.0,active
CHEMBL2170464,CC(C)(C)n1nnnc1N1CCC(CCn2c(Sc3cc4c(cc3Br)OCO4)nc3c(N)ncnc32)CC1,1800.0,intermediate
CHEMBL2170460,Nc1ncnc2c1nc(Sc1cc3c(cc1Br)OCO3)n2CCC1CCN(CC(F)(F)F)CC1,600.0,active
CHEMBL2204502,CC[C@@H](C)Nc1cc(C(=O)NC2CC3CCC(C2)N3c2ccc(C(=O)C3CC3)cn2)c(C)cc1C(N)=O,56.0,active
CHEMBL2204501,CC[C@H](C)Nc1cc(C(=O)NC2CC3CCC(C2)N3c2ccc(C(=O)C3CC3)cn2)c(C)cc1C(N)=O,252.0,active
CHEMBL2204500,Cc1cc(C(N)=O)c(NCC2CC2)cc1C(=O)NC1CC2CCC(C1)N2c1ccc(C(=O)C2CC2)cn1,245.0,active
CHEMBL2204499,Cc1cc(C(N)=O)c(NC2CCCC2)cc1C(=O)NC1CC2CCC(C1)N2c1ccc(C(=O)C2CC2)cn1,316.0,active
CHEMBL2204498,Cc1cc(C(N)=O)c(NC(C)C)cc1C(=O)NC1CC2CCC(C1)N2c1ccc(C(=O)C2CC2)cn1,130.0,active
CHEMBL2204497,CCCNc1cc(C(=O)NC2CC3CCC(C2)N3c2ccc(C(=O)C3CC3)cn2)c(C)cc1C(N)=O,1122.0,intermediate
CHEMBL2204496,CCC(CC)Nc1cc(C(=O)NC2CC3CCC(C2)N3c2ccc(C(=O)C3CC3)cn2)c(C)cc1C(N)=O,82.0,active
CHEMBL2204506,CCC(CC)Nc1cc(C(=O)NC2CC3CCC(C2)N3c2ccc(C(=O)C3CC3)cn2)ccc1C(N)=O,117.0,active
CHEMBL2204505,NC(=O)c1ccc(C(=O)NC2CC3CCC(C2)N3c2ccc(C(=O)C3CC3)cn2)cc1NCC1CC1,494.0,active
CHEMBL2204504,CCC(CC)Nc1cc(C(=O)NC2CC3CCC(C2)N3c2ccc(C(C)=O)cn2)c(C)cc1C(N)=O,44.0,active
CHEMBL2204503,CCC(CC)Nc1cc(C(=O)NC2CC3CCC(C2)N3c2ccc(C(C)=O)cn2)ccc1C(N)=O,52.0,active
CHEMBL2204525,CC(=O)c1ccc(N2C3CCC2CC(NC(=O)c2ccc(C(N)=O)c(NCC4CC4)c2)C3)nc1,182.0,active
CHEMBL2204524,CC(C)C(=O)c1ccc(N2C3CCC2CC(NC(=O)c2ccc(C(N)=O)c(NCC4CC4)c2)C3)nc1,1610.0,intermediate
CHEMBL2204523,CCNC(=O)c1ccc(N2C3CCC2CC(NC(=O)c2ccc(C(N)=O)c(NCC4CC4)c2)C3)nc1,2170.0,intermediate
CHEMBL2204522,NC(=O)c1ccc(C(=O)NC2CC3CCC(C2)N3c2ccc(C(=O)NC3CCCC3)cn2)cc1NCC1CC1,351.0,active
CHEMBL2204521,C[C@H](NC(=O)c1ccc(N2C3CCC2CC(NC(=O)c2ccc(C(N)=O)c(Nc4ccccc4)c2)C3)nc1)c1ccc(N2CCN(C)CC2)cc1,105.0,active
CHEMBL2204520,C[C@H](NC(=O)c1ccc(N2C3CCC2CC(NC(=O)c2ccc(C(N)=O)c(NCC4CC4)c2)C3)nc1)c1ccc(N2CCN(C)CC2)cc1,42.0,active
CHEMBL2204519,C[C@H](NC(=O)c1ccc(N2C3CCC2CC(NC(=O)c2ccc(C(N)=O)c(NC4CCC4)c2)C3)nc1)c1ccc(N2CCN(C)CC2)cc1,59.0,active
CHEMBL2204518,Cc1cc(C(=O)NC2CC3CCC(C2)N3c2ccc(C(=O)N[C@@H](C)c3ccc(N4CCN(C)CC4)cc3)cn2)c(C)cc1C(N)=O,2900.0,intermediate
CHEMBL2204517,Cc1cc(C(=O)NC2CC3CCC(C2)N3c2ccc(C(=O)NCc3ccccc3)cn2)c(C)cc1C(N)=O,10000.0,inactive
CHEMBL2204516,Cc1cc(C(N)=O)ccc1C(=O)NC1CC2CCC(C1)N2c1ccc(C(=O)NCc2ccccc2)cn1,2700.0,intermediate
CHEMBL2204515,NC(=O)c1ccc(C(=O)NC2CC3CCC(C2)N3c2ccc(C(=O)NCc3ccccc3)cn2)cc1,5200.0,intermediate
CHEMBL2204514,Cc1cc(CO)ccc1C(=O)NC1CC2CCC(C1)N2c1ccc(C(=O)NCc2ccccc2)cn1,1900.0,intermediate
CHEMBL2204513,O=C(NCc1ccccc1)c1ccc(N2C3CCC2CC(NC(=O)c2ccc(CO)cc2)C3)nc1,5400.0,intermediate
CHEMBL2204512,COc1cccc(C(=O)NC2CC3CCC(C2)N3c2ccc(C(=O)N[C@@H](C)c3ccc(N4CCN(C)CC4)cc3)cn2)c1C,374.0,active
CHEMBL2204511,COc1cccc(C(=O)NC2CC3CCC(C2)N3c2ccc(C(=O)NCc3ccc(N4CCN(C)CC4)cc3)cn2)c1C,579.0,active
CHEMBL2204510,COc1cccc(C(=O)NC2CC3CCC(C2)N3c2ccc(C(=O)N[C@@H](C)c3ccccc3)cn2)c1C,421.0,active
CHEMBL2204509,COc1cccc(C(=O)NC2CC3CCC(C2)N3c2ccc(C(=O)N[C@H](C)c3ccccc3)cn2)c1C,10000.0,inactive
CHEMBL2204508,COc1cccc(C(=O)NC2CC3CCC(C2)N3c2ccc(C(N)=O)cn2)c1C,3800.0,intermediate
CHEMBL2204507,COc1cccc(C(=O)NC2CC3CCC(C2)N3c2ccc(C(=O)NCc3ccccc3)cn2)c1C,2800.0,intermediate
CHEMBL1652157,COc1cccc(-c2cc(C(=O)Nc3cc4ccc(O[C@@H]5OC(C)(C)[C@H](OC)[C@@H](O)[C@H]5O)c(OC)c4oc3=O)ccc2OC)c1,13900.0,inactive
CHEMBL1773231,CO[C@@H]1[C@@H](O)[C@@H](O)[C@H](Oc2ccc3cc(NC(=O)c4ccc(O)c(CC=C(C)C)c4)c(=O)oc3c2C)OC1(C)C,10900.0,inactive
CHEMBL2326378,COc1cccc(-c2cc(C(=O)Nc3cc4ccc(O[C@@H]5OC(C)(C)[C@H](OC)[C@@H](O)[C@H]5O)c(C)c4oc3=O)ccc2OC)c1,7500.0,intermediate
CHEMBL2326377,COc1ccc(C(=O)Nc2cc3ccc(O[C@@H]4OC(C)(C)[C@H](OC)[C@@H](O)[C@H]4O)c(C)c3oc2=O)cc1-c1cccc(O)c1,2900.0,intermediate
CHEMBL1797365,COc1cccc(-c2cc(C(=O)Nc3cc4ccc(OC5CCN(C)CC5)c(C)c4oc3=O)ccc2OC)c1,1340.0,intermediate
CHEMBL1773239,CC(C)=CCc1cc(C(=O)Nc2cc3ccc(OC4CCN(C)CC4)c(C)c3oc2=O)ccc1O,760.0,active
CHEMBL2326376,COc1ccc(C(=O)Nc2cc3ccc(OC4CCN(C)CC4)c(C)c3oc2=O)cc1-c1cccc(O)c1,310.0,active
CHEMBL2326114,Cc1ccc(NC(=O)Nc2cc3ccc(OC4CCN(C)CC4)c(C)c3oc2=O)cc1C,310.0,active
CHEMBL2326113,Cc1ccc(NC(=O)Nc2cc3ccc(OC4CCN(C)CC4)c(C)c3oc2=O)cc1,270.0,active
CHEMBL2326381,Cc1c(OCCC2CCCCN2)ccc2cc(NC(=O)Nc3ccc(Cl)cc3)c(=O)oc12,210.0,active
CHEMBL2326382,Cc1c(OC2CCN(C)CC2)ccc2cc(NC(=O)Nc3ccc(Cl)cc3)c(=O)oc12,170.0,active
CHEMBL2443026,CN(C)c1ccc(Oc2cc(O)cc(O)c2-c2cc(C(=O)NC3CCN(C4CCC5(CC4)OCCO5)CC3)no2)cc1,28.0,active
CHEMBL2443025,CN(C)c1ccc(Oc2cc(O)cc(O)c2-c2cc(C(=O)NC3CCN(C4CCCCC4)CC3)no2)cc1,20.0,active
CHEMBL2443024,CN(C)c1ccc(Oc2cc(O)cc(O)c2-c2cc(C(=O)NC3CCN(CCCC(F)(F)F)CC3)no2)cc1,25.0,active
CHEMBL2443020,CN1CCC(NC(=O)c2cc(-c3c(O)cc(O)cc3Oc3ccc(N4CCCC4)cc3)on2)CC1,107.0,active
CHEMBL2443139,CC(C)Nc1ccc(Oc2cc(O)cc(O)c2-c2cc(C(=O)NC3CCN(C)CC3)no2)cc1,65.0,active
CHEMBL2443138,CN1CCC(NC(=O)c2cc(-c3c(O)cc(O)cc3Oc3ccc(N(C)C)cc3)on2)CC1,33.0,active
CHEMBL2443137,O=C(NC1CCN(Cc2ccccc2)CC1)c1cc(-c2c(O)cc(O)cc2Oc2ccc([N+](=O)[O-])cc2)on1,94.0,active
CHEMBL2443136,O=C(NC1CCN(CC2CCCCC2)CC1)c1cc(-c2c(O)cc(O)cc2Oc2ccc([N+](=O)[O-])cc2)on1,32.0,active
CHEMBL2443135,O=C(NC1CCN(C2CCC3(CC2)OCCO3)CC1)c1cc(-c2c(O)cc(O)cc2Oc2ccc([N+](=O)[O-])cc2)on1,88.0,active
CHEMBL2443133,O=C(NC1CCN(C2CCCCCC2)CC1)c1cc(-c2c(O)cc(O)cc2Oc2ccc([N+](=O)[O-])cc2)on1,130.0,active
CHEMBL2443132,O=C(NC1CCN(C2CCCC2)CC1)c1cc(-c2c(O)cc(O)cc2Oc2ccc([N+](=O)[O-])cc2)on1,210.0,active
CHEMBL2443131,O=C(NC1CCN(C2CCCCC2)CC1)c1cc(-c2c(O)cc(O)cc2Oc2ccc([N+](=O)[O-])cc2)on1,71.0,active
CHEMBL2443048,CC(C)N1CCC(NC(=O)c2cc(-c3c(O)cc(O)cc3Oc3ccc([N+](=O)[O-])cc3)on2)CC1,277.0,active
CHEMBL2443047,O=C(NC1CCN(CCCC(F)(F)F)CC1)c1cc(-c2c(O)cc(O)cc2Oc2ccc([N+](=O)[O-])cc2)on1,71.0,active
CHEMBL2443044,CN1CCC(NC(=O)c2cc(-c3c(O)cc(O)cc3Oc3ccc([N+](=O)[O-])cc3)on2)CC1,110.0,active
CHEMBL2443034,O=C(NCCF)c1cc(-c2c(O)cc(O)cc2Oc2ccc([N+](=O)[O-])cc2)on1,86.0,active
CHEMBL2443029,CCNC(=O)c1cc(-c2c(O)cc(O)cc2Oc2ccc([N+](=O)[O-])cc2)on1,114.0,active
CHEMBL3341805,O=C1NCC/C=C/CCCC(C(=O)NCc2ccccc2)C(=O)Cc2c(Cl)c(O)cc(O)c21,200.0,active
CHEMBL3360317,COc1nc(-c2cc(F)ccc2[C@H]2Cc3nc(N)nc(C)c3C(=O)N2)cs1,190.0,active
CHEMBL3360316,COc1ncc(-c2cc(F)ccc2[C@H]2Cc3nc(N)nc(C)c3C(=O)N2)s1,5300.0,intermediate
CHEMBL3360314,COc1nc(-c2cc(F)ccc2[C@H]2Cc3nc(N)nc(C)c3C(=O)N2)cnc1N,37.0,active
CHEMBL3360313,COc1nc(-c2cc(F)ccc2[C@H]2Cc3nc(N)nc(C)c3C(=O)N2)cnc1C,28.0,active
CHEMBL3360312,COc1cncc(-c2cc(F)ccc2[C@H]2Cc3nc(N)nc(C)c3C(=O)N2)n1,28.0,active
CHEMBL3360310,CCOc1cccc(-c2cc(F)ccc2[C@H]2Cc3nc(N)nc(C)c3C(=O)N2)n1,290.0,active
CHEMBL3360308,COc1cccc(-c2ccc(F)cc2[C@H]2Cc3nc(N)nc(C)c3C(=O)N2)n1,360.0,active
CHEMBL3360307,COc1ccc([C@H]2Cc3nc(N)nc(C)c3C(=O)N2)c(-c2cccc(OC)n2)c1,30.0,active
CHEMBL3360306,COc1cccc(-c2cc(C)ccc2[C@H]2Cc3nc(N)nc(C)c3C(=O)N2)n1,91.0,active
CHEMBL3360305,COc1cccc(-c2cc(F)ccc2[C@H]2Cc3nc(N)nc(C)c3C(=O)N2)n1,28.0,active
CHEMBL3360304,COc1cccc(-c2ccccc2[C@H]2Cc3nc(N)nc(C)c3C(=O)N2)n1,100.0,active
CHEMBL3360303,Cc1nc(N)nc2c1C(=O)CC(c1ccccc1)C2,900.0,active
CHEMBL3354662,COc1ccc(-c2c(/C=C/C(=O)N3CCN(c4ncccn4)CC3)noc2-c2cc(Cl)c(O)cc2O)cc1,208.0,active
CHEMBL3354661,COc1ccc(-c2c(/C=C/C(=O)N3CCN(c4ccccn4)CC3)noc2-c2cc(Cl)c(O)cc2O)cc1,215.0,active
CHEMBL3354660,COc1ccc(-c2c(/C=C/C(=O)N3CCN(c4cccc(OC)c4)CC3)noc2-c2cc(Cl)c(O)cc2O)cc1,718.0,active
CHEMBL3354659,COc1ccc(-c2c(/C=C/C(=O)N3CCN(c4ccc(OC)cc4)CC3)noc2-c2cc(Cl)c(O)cc2O)cc1,700.0,active
CHEMBL3354658,COc1ccc(-c2c(/C=C/C(=O)N3CCN(c4ccccc4OC)CC3)noc2-c2cc(Cl)c(O)cc2O)cc1,596.0,active
CHEMBL3354657,COc1ccc(-c2c(/C=C/C(=O)N3CCN(c4ccccc4)CC3)noc2-c2cc(Cl)c(O)cc2O)cc1,677.0,active
CHEMBL3354656,COc1ccc(-c2c(C(=O)NC3CCN(CC4CC4)CC3)noc2-c2cc(Cl)c(O)cc2O)cc1,39.0,active
CHEMBL3354655,COc1ccc(-c2c(C(=O)NC3CCN(CC(C)C)CC3)noc2-c2cc(Cl)c(O)cc2O)cc1,23.0,active
CHEMBL3354654,COc1ccc(CN2CCC(NC(=O)c3noc(-c4cc(Cl)c(O)cc4O)c3-c3ccc(OC)cc3)CC2)cc1,16.0,active
CHEMBL3354653,COc1ccc(-c2c(C(=O)NC3CCN(Cc4ccc(Cl)cc4Cl)CC3)noc2-c2cc(Cl)c(O)cc2O)cc1,127.0,active
CHEMBL3354652,COc1ccc(-c2c(C(=O)NC3CCN(Cc4ccncc4)CC3)noc2-c2cc(Cl)c(O)cc2O)cc1,15.0,active
CHEMBL3354651,CCNC(=O)N1CCC(NC(=O)c2noc(-c3cc(Cl)c(O)cc3O)c2-c2ccc(OC)cc2)CC1,20.0,active
CHEMBL3354650,COc1ccc(-c2c(C(=O)NC3CCN(S(C)(=O)=O)CC3)noc2-c2cc(Cl)c(O)cc2O)cc1,45.0,active
CHEMBL3354229,COc1ccc(-c2c(C(=O)NC3CCN(C(C)=O)CC3)noc2-c2cc(Cl)c(O)cc2O)cc1,25.0,active
CHEMBL3354228,COc1ccc(-c2c(C(=O)N3CCC(Cc4ccccc4)CC3)noc2-c2cc(Cl)c(O)cc2O)cc1,10000.0,inactive
CHEMBL3354227,COc1ccc(-c2c(C(=O)NC3CCN(Cc4ccccc4)CC3)noc2-c2cc(Cl)c(O)cc2O)cc1,36.0,active
CHEMBL3354226,COc1ccc(-c2c(C(=O)Nc3ccncc3)noc2-c2cc(Cl)c(O)cc2O)cc1,154.0,active
CHEMBL3354225,COc1ccc(-c2c(C(=O)Nc3ccc(N(C)C)cc3)noc2-c2cc(Cl)c(O)cc2O)cc1,91.0,active
CHEMBL3354224,COc1ccc(-c2c(C(=O)NCc3ccc(Cl)cc3Cl)noc2-c2cc(Cl)c(O)cc2O)cc1,1600.0,intermediate
CHEMBL3354663,COc1ccc(-c2c(/C=C/C(=O)N3CCN(c4ccc(Cl)c(Cl)c4)CC3)noc2-c2cc(Cl)c(O)cc2O)cc1,4232.0,intermediate
CHEMBL3354664,COc1ccc(-c2c(/C=C/C(=O)N3CCN(c4cccc(C(F)(F)F)c4)CC3)noc2-c2cc(Cl)c(O)cc2O)cc1,2255.0,intermediate
CHEMBL3354665,COc1ccccc1N1CCN(C(=O)/C=C/c2noc(-c3cc(Cl)c(O)cc3O)c2-c2ccc(O)cc2)CC1,512.0,active
CHEMBL3354666,COc1ccc(N2CCN(C(=O)/C=C/c3noc(-c4cc(Cl)c(O)cc4O)c3-c3ccc(O)cc3)CC2)cc1,576.0,active
CHEMBL3354667,COc1cccc(N2CCN(C(=O)/C=C/c3noc(-c4cc(Cl)c(O)cc4O)c3-c3ccc(O)cc3)CC2)c1,666.0,active
CHEMBL3354668,O=C(/C=C/c1noc(-c2cc(Cl)c(O)cc2O)c1-c1ccc(O)cc1)N1CCN(c2ccccn2)CC1,357.0,active
CHEMBL3354669,O=C(/C=C/c1noc(-c2cc(Cl)c(O)cc2O)c1-c1ccc(O)cc1)N1CCN(c2ncccn2)CC1,338.0,active
CHEMBL3354670,O=C(/C=C/c1noc(-c2cc(Cl)c(O)cc2O)c1-c1ccc(O)cc1)N1CCN(c2ccc(Cl)c(Cl)c2)CC1,3939.0,intermediate
CHEMBL3354671,O=C(/C=C/c1noc(-c2cc(Cl)c(O)cc2O)c1-c1ccc(O)cc1)N1CCN(c2cccc(C(F)(F)F)c2)CC1,1859.0,intermediate
CHEMBL3925604,Nc1ncnc2c1nc(Sc1cc3c(cc1Br)OCO3)n2CCCCCC(=O)NO,100.0,active
CHEMBL3943878,Nc1ncnc2c1nc(Sc1cc3c(cc1Br)OCO3)n2CCCCCCC(=O)NO,100.0,active
CHEMBL3976428,C#CCCCn1c(Sc2cccc(C(=O)NO)c2)nc2c(N)ncnc21,10000.0,inactive
CHEMBL3937246,C#CCCCn1c(Sc2cccc(OCCCC(=O)NO)c2)nc2c(N)ncnc21,10000.0,inactive
CHEMBL3955436,C#CCCCn1c(Sc2cccc(OCCCCCC(=O)NO)c2)nc2c(N)ncnc21,10000.0,inactive
CHEMBL3952852,Nc1ncnc2c1nc(Sc1cc3c(cc1Br)OCO3)n2CCNCCC(=O)NO,100.0,active
CHEMBL3912308,Nc1ncnc2c1nc(Sc1cc3c(cc1Br)OCO3)n2CCNCCCCCC(=O)NO,100.0,active
CHEMBL3918126,Nc1ncnc2c1nc(Sc1cc3c(cc1Br)OCO3)n2CCNCCCCCCC(=O)NO,100.0,active
CHEMBL3966521,Nc1ncnc2c1nc(Sc1cc3c(cc1Br)OCO3)n2CCOCCCC(=O)NO,10000.0,inactive
CHEMBL3975711,Nc1ncnc2c1nc(Sc1cc3c(cc1Br)OCO3)n2CCOCCCCC(=O)NO,10000.0,inactive
CHEMBL3926697,Nc1ncnc2c1nc(Sc1cc3c(cc1Br)OCO3)n2CCOCCCCCC(=O)NO,10000.0,inactive
CHEMBL3894461,Nc1ncnc2c1nc(Sc1cc3c(cc1Br)OCO3)n2CCOCCCCCCC(=O)NO,10000.0,inactive
CHEMBL3910975,Nc1ncnc2c1nc(Sc1cc3c(cc1I)OCO3)n2CCCCCCC(=O)NO,100.0,active
CHEMBL3960271,Nc1ncnc2c1nc(Sc1cc3c(cc1Br)OCO3)n2CCNCC(=O)NO,100.0,active
CHEMBL3976426,Nc1nccc2c1nc(Sc1cc3c(cc1Cl)OCO3)n2CCCCCCC(=O)NO,1000.0,active
CHEMBL3922768,Nc1nccc2c1nc(Sc1cc3c(cc1Br)OCO3)n2CCCCCCC(=O)NO,1000.0,active
CHEMBL3966711,Nc1nccc2c1nc(Sc1cc3c(cc1I)OCO3)n2CCCCCCC(=O)NO,100.0,active
CHEMBL3966166,Nc1ncnc2c1nc(Sc1cc3c(cc1I)OCO3)n2CCNCC(=O)NO,100.0,active
CHEMBL3907592,Nc1ncnc2c1nc(Sc1cc3c(cc1I)OCO3)n2CCNCCCCCC(=O)NO,100.0,active
CHEMBL3982179,Nc1ncnc2c1nc(Sc1cc3c(cc1I)OCO3)n2CCNCCCCCCC(=O)NO,100.0,active
CHEMBL3964433,Nc1ncnc2c1nc(Sc1cc3c(cc1Br)OCO3)n2CCOCC(=O)NO,10000.0,inactive
CHEMBL3921290,CCNC(=O)c1noc(-c2cc(Cl)c(O)cc2O)c1-c1ccc(OCCCC(=O)NO)cc1,100.0,active
CHEMBL3669204,CC(C)c1cc(-c2nnc(O)n2-c2ccc3c(c2)CCC3)c(O)cc1OP(=O)(O)O,228.0,active
CHEMBL3669205,CC(C)c1cc(-c2nnc(O)n2-c2ccc(N3CCOCC3)nc2)c(O)cc1OP(=O)(O)O,90.0,active
CHEMBL3674153,CC(C)c1cc(-c2nnc(O)n2-c2ccc3c(ccn3C)c2)c(O)cc1OP(=O)(O)O,88.0,active
CHEMBL3897368,N=C(C(N)=O)N1CCCCc2cc(O)cc(O)c2C1=N,12200.0,inactive
CHEMBL3978545,NC(=O)c1nnc2n1C/C=C\Cc1cc(O)cc(O)c1-2,17000.0,inactive
CHEMBL3908078,NC(=O)c1nnc2n1CC(O)C(O)Cc1cc(O)cc(O)c1-2,24300.0,inactive
CHEMBL3972545,NC(=O)c1nnc2n1CC(Br)C(Br)Cc1cc(O)cc(O)c1-2,23400.0,inactive
CHEMBL3897890,NC(=O)c1nnc2n1CCCc1cc(O)cc(O)c1-2,87200.0,inactive
CHEMBL3686072,CCc1nc(-c2nnc(S)n2-c2ccc3c(ccn3C)c2)c(O)cc1O,4750.0,intermediate
CHEMBL3686073,CC(C)c1cc(-c2nnc(Nc3ccccc3)n2-c2ccc3c(ccn3C)c2)c(O)cc1O,1400.0,intermediate
CHEMBL3686074,CNc1nnc(-c2cc(C(C)C)c(O)cc2O)n1-c1ccc2c(ccn2C)c1,3500.0,intermediate
CHEMBL3686075,CC(C)c1cc(-c2nnc(NCc3ccccc3)n2-c2ccc3c(ccn3C)c2)c(O)cc1O,35000.0,inactive
CHEMBL3686076,CC(C)c1cc(-c2nnc(Nc3ccc4ncccc4c3)n2-c2ccc3c(ccn3C)c2)c(O)cc1O,680.0,active
CHEMBL3686077,CC(C)c1cc(-c2nnc(Nc3cccc(N)c3)n2-c2ccc3c(ccn3C)c2)c(O)cc1O,2900.0,intermediate
CHEMBL3686078,CC(C)c1cc(-c2nnc(Nc3cccc(C(F)(F)F)c3)n2-c2ccc3c(ccn3C)c2)c(O)cc1O,5000.0,intermediate
CHEMBL3686079,COc1cccc(Nc2nnc(-c3cc(C(C)C)c(O)cc3O)n2-c2ccc3c(ccn3C)c2)c1,1800.0,intermediate
CHEMBL3686080,CC(C)c1cc(-c2nnc(NC(=O)c3ccccc3)n2-c2ccc3c(ccn3C)c2)c(O)cc1O,2600.0,intermediate
CHEMBL3686081,Cc1cc(C(=O)Nc2nnc(-c3cc(C(C)C)c(O)cc3O)n2-c2ccc3c(ccn3C)c2)no1,7860.0,intermediate
CHEMBL3686082,CC(=O)Nc1nnc(-c2cc(C(C)C)c(O)cc2O)n1-c1ccc2c(ccn2C)c1,382.0,active
CHEMBL3686083,CCCC(=O)Nc1nnc(-c2cc(C(C)C)c(O)cc2O)n1-c1ccc2c(ccn2C)c1,1400.0,intermediate
CHEMBL3686084,COCC(=O)Nc1nnc(-c2cc(C(C)C)c(O)cc2O)n1-c1ccc2c(ccn2C)c1,1800.0,intermediate
CHEMBL3686085,CC(C)C(=O)Nc1nnc(-c2cc(C(C)C)c(O)cc2O)n1-c1ccc2c(ccn2C)c1,1560.0,intermediate
CHEMBL3686086,CC(C)c1cc(-c2nnc(NC(=O)c3ccco3)n2-c2ccc3c(ccn3C)c2)c(O)cc1O,1040.0,intermediate
CHEMBL3686087,CC(C)c1cc(-c2nnc(NC(=O)Cc3ccccc3)n2-c2ccc3c(ccn3C)c2)c(O)cc1O,1460.0,intermediate
CHEMBL3686088,CC(C)c1cc(-c2nnc(NC(=O)c3ccc(F)c(F)c3)n2-c2ccc3c(ccn3C)c2)c(O)cc1O,1680.0,intermediate
CHEMBL3686089,CC(C)c1cc(-c2nnc(NC(=O)C(F)(F)F)n2-c2ccc3c(ccn3C)c2)c(O)cc1O,3000.0,intermediate
CHEMBL3686090,CC(C)c1cc(-c2nnc(NC(=O)COc3ccc(Cl)cc3)n2-c2ccc3c(ccn3C)c2)c(O)cc1O,2740.0,intermediate
CHEMBL3686091,CC(C)c1cc(-c2nnc(NC(=O)C3CCCC3)n2-c2ccc3c(ccn3C)c2)c(O)cc1O,5920.0,intermediate
CHEMBL3686092,CCc1cc(-c2nnc(S)n2-c2cccc3ccccc23)c(OC(=O)C(C)(C)C)cc1OC(=O)C(C)(C)C,2000.0,intermediate
CHEMBL3686093,CCc1cc(-c2nnc(S)n2-c2cccc3ccccc23)c(OC(=O)c2ccccc2)cc1OC(=O)c1ccccc1,2000.0,intermediate
CHEMBL3686094,COCCOc1ccc(-c2nnc(S)n2-c2cccc3ccccc23)c(O)c1,30000.0,inactive
CHEMBL3686095,CCNC(=O)Sc1nnc(-c2ccc(OC(=O)N(C)C)cc2OC(=O)N(C)C)n1-c1cccc2ccccc12,100000.0,inactive
CHEMBL3686096,CC(C)c1cc(-c2nnc(SSc3nnc(-c4cc(C(C)C)c(O)cc4O)n3-c3ccc(N(C)C)cc3)n2-c2ccc(N(C)C)cc2)c(O)cc1O,58.0,active
CHEMBL3686097,CC(=O)n1ccc2cc(-n3c(O)nnc3-c3cc(C(C)C)c(O)cc3O)ccc21,40.0,active
CHEMBL3686098,CC(C)c1cc(-c2nnc(O)n2-c2ccc3c(ccn3C(=O)CCNC(=O)OC(C)(C)C)c2)c(O)cc1O,110.0,active
CHEMBL3686099,COCCC(=O)n1ccc2cc(-n3c(O)nnc3-c3cc(C(C)C)c(O)cc3O)ccc21,100.0,active
CHEMBL3686100,CC(C)c1cc(-c2nn(COC(=O)C(N)C(C)C)c(=O)n2-c2ccc3c(ccn3C)c2)c(O)cc1O,29.0,active
CHEMBL3686101,CC(C)c1cc(-c2nn(COC(=O)C(N)Cc3ccccc3)c(=O)n2-c2ccc3c(ccn3C)c2)c(O)cc1O,27.0,active
CHEMBL3686102,CC(C)c1cc(-c2nn(COC(=O)C(NC(=O)OC(C)(C)C)C(C)C)c(=O)n2-c2ccc3c(ccn3C)c2)c(O)cc1O,38.0,active
CHEMBL3686103,CC(C)c1cc(-c2nn(C(=O)CN)c(=O)n2-c2ccc3c(ccn3C)c2)c(OC(=O)CN)cc1OC(=O)CN,79.0,active
CHEMBL3686104,CC(N)C(=O)Oc1cc(OC(=O)C(C)N)c(C(C)C)cc1-c1nn(C(=O)C(C)N)c(=O)n1-c1ccc2c(ccn2C)c1,56.0,active
CHEMBL3686105,CC(C)c1cc(-c2nn(C(=O)C(N)Cc3ccccc3)c(=O)n2-c2ccc3c(ccn3C)c2)c(OC(=O)C(N)Cc2ccccc2)cc1OC(=O)C(N)Cc1ccccc1,46.0,active
CHEMBL3686106,COCCC(=O)Oc1cc(O)c(-c2nnc(OC(=O)CCOC)n2-c2ccc3c(ccn3C)c2)cc1C(C)C,100.0,active
CHEMBL3686107,COCCN(C)c1ccc(-n2c(O)nnc2-c2cc(C(C)C)c(O)cc2O)cn1,30.0,active
CHEMBL3686108,COC(CN(C)c1ccc(-n2c(O)nnc2-c2cc(C(C)C)c(O)cc2O)cn1)OC,107.0,active
CHEMBL3686109,COCCN(C)c1ccc(-n2c(O)nnc2-c2cc(C(C)C)c(O)cc2O)c[n+]1[O-],180.0,active
CHEMBL3686110,CC(C)c1cc(-c2nnc(O)n2-c2ccc(N(C)CC(=O)O)nc2)c(O)cc1O,330.0,active
CHEMBL3686111,CC(C)c1cc(-c2nnc(O)n2-c2ccc(N(C)CCN(C)C)nc2)c(O)cc1O,220.0,active
CHEMBL3686112,CC(C)c1cc(-c2nnc(O)n2-c2ccc(N(C)C)nc2)c(O)cc1O,58.0,active
CHEMBL3686113,CC(C)c1cc(-c2nnc(O)n2-c2ccc(N3CCN(C)CC3)nc2)c(O)cc1O,243.0,active
CHEMBL3686114,CC(C)c1cc(-c2nnc(O)n2-c2cccc(S(=O)(=O)N(C)CCN(C)C)c2)c(O)cc1O,330.0,active
CHEMBL3686115,Cc1ccc(-n2c(O)nnc2-c2cc(C(C)C)c(O)cc2O)cc1S(=O)(=O)N(C)C,93.0,active
CHEMBL3686116,CC(C)c1cc(-c2nnc(O)n2-c2ccc(N(C)C)c(S(N)(=O)=O)c2)c(O)cc1O,336.0,active
CHEMBL3686117,CC(C)c1cc(-c2nnc(S)n2-c2cccc(S(N)(=O)=O)c2)c(O)cc1O,336.0,active
CHEMBL3686118,CC(C)c1cc(-c2nnc(O)n2-c2cccc(S(=O)(=O)N3CCOCC3)c2)c(O)cc1O,330.0,active
CHEMBL3686119,CC(C)c1cc(-c2nnc(O)n2-c2ccc(N(C)S(C)(=O)=O)cc2)c(O)cc1O,85.0,active
CHEMBL3686120,CC(C)c1cc(-c2nnc(O)n2-c2ccc(N3CCOCC3)nc2)c(O)cc1O,49.0,active
CHEMBL3686121,CC(C)c1cc(-c2nnc(O)n2-c2ccc(OCCN3CCOCC3)nc2)c(O)cc1O,114.0,active
CHEMBL1214827,CC(C)c1cc(C(=O)N2Cc3ccc(CN4CCN(C)CC4)cc3C2)c(O)cc1O,22.0,active
CHEMBL4226547,CCNC(=O)c1cc2c(-c3cc(OCCCCCCn4cc(-c5ncnc6[nH]ccc56)cn4)c(Cl)cc3Cl)nc(N)nc2s1,110.0,active
CHEMBL4227395,CCNC(=O)c1cc2c(-c3cc(OCCCCCn4cc(-c5ncnc6[nH]ccc56)cn4)c(Cl)cc3Cl)nc(N)nc2s1,400.0,active
CHEMBL4228189,CCNC(=O)c1cc2c(-c3cccc(OCCCCCCn4cc(-c5ncnc6[nH]ccc56)cn4)c3)nc(N)nc2s1,10000.0,inactive
CHEMBL4225507,CCNC(=O)c1cc2c(-c3cccc(OCCCCCn4cc(-c5ncnc6[nH]ccc56)cn4)c3)nc(N)nc2s1,10000.0,inactive
CHEMBL4227007,CCNC(=O)c1cc2c(-c3cccc(OCCCCn4cc(-c5ncnc6[nH]ccc56)cn4)c3)nc(N)nc2s1,10000.0,inactive
CHEMBL4445419,Cc1cc(C)c(S(=O)(=O)N(Cc2nnn[nH]2)c2ccc(Nc3ccnc(N4CCNCC4)n3)cc2)c(C)c1,100000.0,inactive
CHEMBL4476227,Cc1cc(C)c(S(=O)(=O)N(CC#N)c2ccc(Nc3ccnc(N4CCNCC4)n3)cc2)c(C)c1,100000.0,inactive
CHEMBL4551270,Cc1cc(C)c(S(=O)(=O)N(CC(=O)NO)c2ccc(Nc3ccnc(N4CCNCC4)n3)cc2)c(C)c1,100000.0,inactive
CHEMBL4534348,Cc1cc(C)c(S(=O)(=O)N(CC(=O)O)c2ccc(Nc3ccnc(N4CCNCC4)n3)cc2)c(C)c1,100000.0,inactive
CHEMBL4460928,COC(=O)CN(c1ccc(Nc2ccnc(N3CCNCC3)n2)cc1)S(=O)(=O)c1c(C)cc(C)cc1C,100000.0,inactive
CHEMBL4590017,Cc1cc(C)c(S(=O)(=O)N(CC(=O)O)c2ccc(Nc3ccnc(N4CCCC4)n3)cc2)c(C)c1,100000.0,inactive
CHEMBL4558944,CN(C)C(=O)c1ccc(N(Cc2ccc(F)cc2)C(=O)c2ccc(O)cc2O)cc1,5200.0,intermediate
CHEMBL4540811,CN(C)C(=O)c1ccc(N(Cc2ccc(O)cc2)C(=O)c2ccc(O)cc2O)cc1,10000.0,inactive
CHEMBL4570690,CN(C)C(=O)c1ccc(N(Cc2ccco2)C(=O)c2ccc(O)cc2O)cc1,770.0,active
CHEMBL4575355,CN(C)C(=O)c1ccc(N(Cc2ccc(Br)o2)C(=O)c2ccc(O)cc2O)cc1,830.0,active
CHEMBL4461160,CN(C)C(=O)c1ccc(N(Cc2ncc(Br)s2)C(=O)c2ccc(O)cc2O)cc1,6000.0,intermediate
CHEMBL4591977,CN(C)C(=O)c1ccc(N(Cc2cc(Br)cs2)C(=O)c2ccc(O)cc2O)cc1,5790.0,intermediate
CHEMBL3727577,Cc1cnc(Cl)nc1-c1ccc(N(Cc2ccc(CNC(=O)C(F)F)cc2)C(=O)c2ccc(O)cc2O)cc1,10000.0,inactive
CHEMBL4476534,Cc1cccc(NC(=O)CSc2n[nH]c(-c3ccccc3O)n2)c1C,780.0,active
CHEMBL4434895,CC(C)CNS(=O)(=O)c1ccc(OCC(=O)N(Cc2ccccc2)Cc2ccccc2)cc1,3580.0,intermediate
CHEMBL4434775,C[C@H]1CCc2c(sc3nc(SCCN4CCCC4)n(N)c(=O)c23)C1,2700.0,intermediate
CHEMBL2103879,CC(C)c1cc(-c2n[nH]c(=O)n2-c2ccc3c(ccn3C)c2)c(O)cc1O,63.0,active
CHEMBL377559,C=CCNc1c(O)cc2c(O)c1C[C@@H](C)C[C@H](OC)[C@H](O)[C@@H](C)/C=C(\C)[C@H](OC(N)=O)[C@@H](OC)/C=C\C=C(/C)C(=O)N2.Cl,307.0,active
CHEMBL4649689,C=CCNC1=C2C[C@@H](C)C[C@H](OC)[C@H](O[C@@H]3O[C@H](CO)[C@@H](O)[C@H](O)[C@H]3O)[C@@H](C)/C=C(\C)[C@H](OC(N)=O)[C@@H](OC)/C=C\C=C(/C)C(=O)NC(=CC1=O)C2=O,100000.0,inactive
CHEMBL4641362,O=C1/C(=C/c2ccncc2)CN(C(=O)c2cc(Cc3n[nH]c(=O)c4ccccc34)ccc2F)C/C1=C\c1ccncc1,970.0,active
CHEMBL4634040,CCNC(=O)c1noc(-c2cc(C(C)C)c(O)cc2O)c1-c1cnn(C(C)C)c1,19.0,active
CHEMBL4633775,CCNC(=O)c1noc(-c2cc(C(C)C)c(O)cc2O)c1-c1cnn(CC)c1,13.0,active
CHEMBL4644651,CCNC(=O)c1noc(-c2cc(C(C)C)c(O)cc2O)c1-c1cnn(C)c1,19.0,active
CHEMBL4635915,CCNC(=O)c1noc(-c2cc(C(C)C)c(O)cc2O)c1-c1cn[nH]c1,13.0,active
CHEMBL4638530,CCNC(=O)c1noc(-c2cc(C(C)C)c(O)cc2O)c1-c1ccn(C(C)C)n1,14.0,active
CHEMBL4648894,CCCn1ccc(-c2c(C(=O)NCC)noc2-c2cc(C(C)C)c(O)cc2O)n1,24.0,active
CHEMBL4644839,CCNC(=O)c1noc(-c2cc(C(C)C)c(O)cc2O)c1-c1ccn(CC)n1,12.0,active
CHEMBL4642853,CCNC(=O)c1noc(-c2cc(C(C)C)c(O)cc2O)c1-c1ccn(C)n1,16.0,active
CHEMBL4638892,CCNC(=O)c1noc(-c2cc(C(C)C)c(O)cc2O)c1-c1cc[nH]n1,45.0,active
CHEMBL4645003,CCNC(=O)c1noc(-c2cc(C(C)C)c(O)cc2O)c1-c1cc(C(=O)N2CCOCC2)no1,52.0,active
CHEMBL4647752,CCNC(=O)c1cc(-c2c(C(=O)NCC)noc2-c2cc(C(C)C)c(O)cc2O)on1,28.0,active
CHEMBL4638065,CCNC(=O)c1noc(-c2cc(C(C)C)c(O)cc2O)c1-c1cc(C(=O)NC)no1,24.0,active
CHEMBL4634389,CCNC(=O)c1noc(-c2cc(C(C)C)c(O)cc2O)c1-c1cc(C(N)=O)no1,52.0,active
CHEMBL4649017,CCNC(=O)c1noc(-c2cc(C(C)C)c(O)cc2O)c1-c1cc(CN2CCSCC2)no1,38.0,active
CHEMBL4636693,CCNC(=O)c1noc(-c2cc(C(C)C)c(O)cc2O)c1-c1cc(CN2CCCC2)no1,38.0,active
CHEMBL4634748,CCNC(=O)c1noc(-c2cc(C(C)C)c(O)cc2O)c1-c1cc(CN2CCCCC2)no1,62.0,active
CHEMBL4633286,CCNC(=O)c1noc(-c2cc(C(C)C)c(O)cc2O)c1-c1cc(CN2CCOCC2)no1,50.0,active
CHEMBL4636999,CCCN(CCC)Cc1cc(-c2c(C(=O)NCC)noc2-c2cc(C(C)C)c(O)cc2O)on1,117.0,active
CHEMBL4649682,CCNC(=O)c1noc(-c2cc(C(C)C)c(O)cc2O)c1-c1cc(CN(CC)CC)no1,52.0,active
CHEMBL4635745,CCNC(=O)c1noc(-c2cc(C(C)C)c(O)cc2O)c1-c1cc(CN(C)C)no1,33.0,active
CHEMBL4646235,CCNC(=O)c1noc(-c2cc(C(C)C)c(O)cc2O)c1-c1cc(CNC(=O)CC)no1,50.0,active
CHEMBL4636636,CCNC(=O)c1noc(-c2cc(C(C)C)c(O)cc2O)c1-c1cc(CNC(C)=O)no1,71.0,active
CHEMBL4649504,C=CNCc1cc(-c2c(C(=O)NCC)noc2-c2cc(C(C)C)c(O)cc2O)on1,67.0,active
CHEMBL4641173,CCNC(=O)c1noc(-c2cc(C(C)C)c(O)cc2O)c1-c1cc(CNC(C)C)no1,18.0,active
CHEMBL4634273,CCCNCc1cc(-c2c(C(=O)NCC)noc2-c2cc(C(C)C)c(O)cc2O)on1,24.0,active
CHEMBL4642364,CCNCc1cc(-c2c(C(=O)NCC)noc2-c2cc(C(C)C)c(O)cc2O)on1,23.0,active
CHEMBL4633164,CCNC(=O)c1noc(-c2cc(C(C)C)c(O)cc2O)c1-c1cc(CN)no1,171.0,active
CHEMBL4636907,CCNC(=O)c1noc(-c2cc(C(C)C)c(O)cc2O)c1-c1cc(CF)no1,27.0,active
CHEMBL4646652,CCNC(=O)c1noc(-c2cc(C(C)C)c(O)cc2O)c1-c1cc(COCC(N)=O)no1,50.0,active
CHEMBL4638951,CCNC(=O)c1noc(-c2cc(C(C)C)c(O)cc2O)c1-c1cc(CO)no1,42.0,active
CHEMBL4641598,CCNC(=O)c1noc(-c2cc(C(C)C)c(O)cc2O)c1-c1cc(C(=O)N2CCSCC2)no1,566.0,active
CHEMBL4647651,CCNC(=O)c1noc(-c2cc(C(C)C)c(O)cc2O)c1-c1cc(C(=O)O)no1,1870.0,intermediate
CHEMBL4648721,CCNC(=O)c1noc(-c2cc(C(C)C)c(O)cc2O)c1-c1cc(C(=O)OCC)no1,447.0,active
CHEMBL4634305,CCNC(=O)c1noc(-c2cc(C(C)C)c(O)cc2O)c1-c1cc(CN2CCN(C)CC2)no1,572.0,active
CHEMBL4636137,CCNC(=O)c1noc(-c2cc(C(C)C)c(O)cc2O)c1-c1cc(CNCCO)no1,975.0,active
CHEMBL4639201,CCNC(=O)c1noc(-c2cc(C(C)C)c(O)cc2O)c1-c1cc(CNC)no1,436.0,active
CHEMBL4636703,CCNC(=O)c1noc(-c2cc(C(C)C)c(O)cc2O)c1-c1cc(CC#N)no1,470.0,active
CHEMBL4635867,CCNC(=O)c1noc(-c2cc(C(C)C)c(O)cc2O)c1-c1cc(COS(C)(=O)=O)no1,476.0,active
CHEMBL4647140,CCNC(=O)c1noc(-c2cc(C(C)C)c(O)cc2O)c1-c1cc(COCC(=O)O)no1,1280.0,intermediate
CHEMBL4632525,CCNC(=O)c1noc(-c2cc(C(C)C)c(O)cc2O)c1-c1cc(COCC(=O)OC)no1,443.0,active
CHEMBL407391,CN(C)c1ncnc2nc[nH]c12,1500000.0,inactive
CHEMBL1230058,COC(=O)c1c(C)n[nH]c1-c1ccco1,1000000.0,inactive
CHEMBL4753497,O=C(CSc1nc2ccccc2c(=O)n1-c1ccccc1)N1CCOCC1,3210.0,intermediate
CHEMBL4758647,C=CCN1CCN(C(=O)CSc2nc3ccccc3c(=O)n2-c2ccccc2)CC1,1580.0,intermediate
CHEMBL4759870,CC(=O)N1CCN(C(=O)CSc2nc3ccccc3c(=O)n2-c2ccccc2)CC1,14360.0,inactive
CHEMBL4743349,CCOc1ccccc1N1CCN(C(=S)SCCCSc2nc3ccccc3c(=O)n2-c2ccccc2)CC1,3410.0,intermediate
CHEMBL4871799,CCN(C(=O)c1cc(C(C)C)c(O)cc1O)c1cccnc1,110180.0,inactive
CHEMBL4870371,CCN(C(=O)c1cc(C(C)C)c(O)cc1O)c1ccncc1,109230.0,inactive
CHEMBL4876969,CC(C)c1cc(C(=O)N(C)c2ccc3[nH]ccc3c2)c(O)cc1O,115390.0,inactive
CHEMBL4879255,CCN(C(=O)c1cc(C(C)C)c(O)cc1O)c1ccc2[nH]ccc2c1,117340.0,inactive
CHEMBL4868208,CC(C)c1cc(C(=O)N(C)c2ccc3c(ccn3C)c2)c(O)cc1O,105540.0,inactive
CHEMBL467399,COc1c(C)cnc(Cn2cnc3c(Cl)nc(N)nc32)c1C,105060.0,inactive
CHEMBL5178170,CC(C)c1cc(-c2n[nH]c(=O)n2-c2ccc(C(=O)NCCCCCCCC(=O)NO)cc2)c(O)cc1O,19520.0,inactive
CHEMBL5285172,CC(C)c1cc(C(=O)N2CCc3c(sc4ncnc(N5CCOCC5)c34)C2)c(O)cc1O,39.0,active
CHEMBL5266569,Nc1nc(Cl)c2cnn(Cc3ccc(Br)cc3F)c2n1,298.0,active
CHEMBL36506,CO[C@@H]1[C@@H](OC(N)=O)[C@@H](O)[C@H](Oc2ccc3c(O)c(NC(=O)c4ccc(O)c(CC=C(C)C)c4)c(=O)oc3c2C)OC1(C)C,700000.0,inactive
CHEMBL1831185,CCc1cc([C@@H]2CC(=O)N2c2ccc3c(c2)OCCO3)c(O)cc1O,5600.0,intermediate
CHEMBL3775576,CNC(=O)c1ccc2[nH]nc(Cc3ccc4c(cnn4C)c3)c2c1,10000.0,inactive
CHEMBL3775535,CNC(=O)c1ccc2[nH]nc(Cc3ccc(-c4cnn(C)c4)cc3)c2c1,10000.0,inactive
CHEMBL5270493,Cc1cccc(Cc2n[nH]c3cc(O)c(C(=O)N4Cc5ccccc5C4)cc23)c1,110.0,active
CHEMBL5434545,CCNC(=O)c1noc(-c2cc(C(C)C)c(O)cc2O)c1-c1ccc(S(C)(=O)=O)cc1,9.0,active
CHEMBL5432629,CCNC(=O)c1noc(-c2cc(C(C)C)c(O)cc2O)c1-c1ccc(P(C)(C)=O)cc1,171.0,active
CHEMBL5426860,CCNC(=O)c1noc(-c2cc(C(C)C)c(O)cc2O)c1-c1ccc([N+](=O)[O-])cc1,15.0,active
CHEMBL5411651,COc1ccc2[nH]cc(-c3nnc(N)nc3-c3cn(C)c4ncc(Br)cc34)c2c1,100.0,active
CHEMBL5412018,Cn1cc(-c2nnc(N)nc2-c2c[nH]c3ccc(Br)cc23)c2cc(Br)cnc21,1400.0,intermediate
CHEMBL5407152,CC(C)c1cc(C(=O)N2CCc3c(sc4nc(N5CCOC[C@@H]5C)nc(N5CCOC[C@@H]5C)c34)C2)c(O)cc1O,476.0,active
CHEMBL5396795,CC(C)c1cc(C(=O)N2CCc3c(sc4nc(-c5ccc(NC(=O)Nc6cccc(Cl)c6)cc5)nc(N5CCOCC5)c34)C2)c(O)cc1O,147.0,active
CHEMBL5439362,CC(C)c1cc(C(=O)N2CCc3c(sc4nc(-c5ccc(NC(=O)Nc6cccc(C(F)(F)F)c6)cc5)nc(N5CCOCC5)c34)C2)c(O)cc1O,126.0,active
CHEMBL5406770,CC(C)c1cc(C(=O)N2CCc3c(sc4nc(-c5ccc(NC(=O)Nc6cc(Cl)cc(Cl)c6)cc5)nc(N5CCOCC5)c34)C2)c(O)cc1O,365.0,active
CHEMBL5396806,CC(C)c1cc(C(=O)N2CCc3c(sc4nc(-c5ccc(NC(=O)Nc6ccc(F)c(Cl)c6)cc5)nc(N5CCOCC5)c34)C2)c(O)cc1O,69.0,active
CHEMBL5414509,CN1CCN(/C=C/C(=O)/C=C/c2cccc(O[Si](C)(C)C(C)(C)C)c2)CC1,187.0,active
CHEMBL5398773,CCCC[C@@H]1C[C@@H]2C(C(=O)OCC(C)C)=C(O)[C@H](C(=O)OCC(C)C)[C@@](O)([C@@H]1C(=O)OCC(C)C)[C@H]2C(=O)O,45800.0,inactive
CHEMBL5441131,CC(C)COC(=O)C1=C(O)[C@H](C(=O)OCC(C)C)[C@@]2(O)[C@H](C(=O)OCC(C)C)[C@H](C)C[C@H]1[C@@H]2C(=O)O,95000.0,inactive
